latitude,longitude,elevation,utc_offset_seconds,timezone,timezone_abbreviation,,,,,
30.200005,71.5,123,18000,Asia/Karachi,PKT,,,,,
,,,,,,,,,,
time,temperature_2m_max (Â°C),temperature_2m_min (Â°C),temperature_2m_mean (Â°C),apparent_temperature_max (Â°C),apparent_temperature_min (Â°C),apparent_temperature_mean (Â°C),precipitation_sum (mm),rain_sum (mm),precipitation_hours (h),windspeed_10m_max (km/h)
2019-03-01,20,12.6,16,18,10.4,13.7,0.5,0.5,2,16
2019-03-02,15.7,11.3,13.5,14.6,8.3,11.6,5.1,5.1,10,19.5
2019-03-03,16.5,11,13.8,14.4,8.5,11.5,2.5,2.5,8,19.3
2019-03-04,21,9.4,15.8,20,7.9,14.5,0,0,0,10.8
2019-03-05,23.8,8.5,16.9,23.7,6.9,16.1,0,0,0,8.7
2019-03-06,24.9,9.3,17.4,24.3,8.1,16.3,0,0,0,8.7
2019-03-07,25.1,11.2,17.8,25.9,9.3,16.7,1.9,1.9,1,9.2
2019-03-08,21.7,13.7,17.3,20.1,11.9,15.7,0.4,0.4,3,19.1
2019-03-09,24.6,10.1,17.4,24.3,8.8,16.3,0,0,0,9.4
2019-03-10,25.7,11.3,18.6,25.1,9.4,17.2,0.2,0.2,1,13.5
2019-03-11,20.8,12.8,16.5,20.1,12.1,15.7,6.3,6.3,6,14.8
2019-03-12,22,12.3,16.6,20.2,10.7,15,0,0,0,15.9
2019-03-13,24.4,11.1,17.4,23.9,10.2,16.5,1.8,1.8,3,13
2019-03-14,23.4,13.3,17.7,22.7,11.7,16.6,1.6,1.6,7,13.7
2019-03-15,24.8,11.2,18,25.2,9.9,17.1,0,0,0,9.2
2019-03-16,25.8,12.2,19.3,25.5,11.1,18.1,0.1,0.1,1,8.8
2019-03-17,28.4,14.2,21,28.5,13.5,20.6,0,0,0,8.1
2019-03-18,27.8,16.1,21.5,27.1,15.5,20.9,0.2,0.2,1,16.5
2019-03-19,27.9,13.8,21.2,28.8,13,20.6,0,0,0,20.9
2019-03-20,26.5,14.7,20.5,26,12.7,19,0,0,0,19.1
2019-03-21,28.2,15.4,21.5,27.6,13.8,20.1,0,0,0,12.5
2019-03-22,29,13.7,21.9,30.4,12.3,21.5,0,0,0,7.6
2019-03-23,28.1,17.6,22.5,28,15.9,21.2,0,0,0,17.9
2019-03-24,26.4,16.4,21.2,26.8,16.6,21,1.4,1.4,5,13
2019-03-25,30.1,17.2,23.3,30.6,16.8,23.1,0,0,0,9.9
2019-03-26,33.1,17,25.2,33.4,16.5,24.9,0,0,0,13.4
2019-03-27,34.4,19.5,27.1,36.3,19.6,27.9,0,0,0,10.1
2019-03-28,34.7,20.5,27.7,36.7,21.3,28.6,0,0,0,9
2019-03-29,34.7,21.2,28,36.6,22.8,29.4,0,0,0,7.6
2019-03-30,34.6,21.6,27.2,33,19.8,25.7,0,0,0,15.3
2019-03-31,33,17.8,25.5,33.3,16.4,24.5,0,0,0,12.6
2019-04-01,34.6,17.6,26.6,35.4,15.8,26,0,0,0,10
2019-04-02,35.6,19,27.9,36.4,18.5,27.6,0,0,0,10.4
2019-04-03,37.1,20.3,29.1,37.3,20.5,29,0,0,0,13.4
2019-04-04,37.5,22.2,30.1,38.7,20.8,29.8,0,0,0,11
2019-04-05,38.3,22.1,30.5,40.3,22.4,31.5,0,0,0,9.2
2019-04-06,37.7,23.1,30.9,38.7,22.9,30.5,0,0,0,11.7
2019-04-07,37.2,22.2,29.7,39.4,22.5,29.9,2.4,2.4,2,11.2
2019-04-08,35.3,22,28.9,37.5,22,29.4,0,0,0,11.8
2019-04-09,36.9,22.3,29.9,37.9,21.9,29.8,0,0,0,15.7
2019-04-10,34.9,22.1,28.8,36.8,22.9,29.6,0,0,0,15.7
2019-04-11,35.4,23,28.9,36,22.7,28.7,0.1,0.1,1,24.7
2019-04-12,32.7,22.2,27.3,34.5,23,28.3,2.1,2.1,2,19.2
2019-04-13,33.2,21.8,27.1,36.8,22.7,28.6,3.4,3.4,4,17.5
2019-04-14,32.7,22.1,27.3,35.4,22.8,28.7,0,0,0,21.5
2019-04-15,33.3,21.6,25.9,36.6,23.3,27.9,17.8,17.8,7,18.1
2019-04-16,26,19.2,22.5,29.1,20.1,24.5,4.1,4.1,10,19.9
2019-04-17,25.7,19.1,21.5,28.2,19.5,22.9,3.2,3.2,8,18.8
2019-04-18,27.3,17.4,22.4,28.6,18.7,23.5,0,0,0,13.6
2019-04-19,31,17.3,24.5,33.6,18.6,26.1,0,0,0,8.7
2019-04-20,34.3,20.2,27.4,35.9,20.5,28.3,0,0,0,11.4
2019-04-21,35.8,21,28.8,38.7,22.4,30.6,0,0,0,10.1
2019-04-22,37.7,22.4,30.7,41,24.7,33.3,0,0,0,9
2019-04-23,40,23.7,32.1,42.5,26.1,34.3,0,0,0,16.1
2019-04-24,35.9,25.1,30.3,35.8,25.6,30.5,0,0,0,23.8
2019-04-25,36.6,22.8,29.8,38.8,23.2,30.5,0.1,0.1,1,15.9
2019-04-26,37.8,23.1,30.1,39.8,24,30.6,0,0,0,14.9
2019-04-27,38.7,21.7,30.6,39.9,20.9,30.4,0,0,0,13.3
2019-04-28,39.2,22.8,31.5,39.9,22.6,31.4,0,0,0,10.3
2019-04-29,40.1,22,31.5,40.9,21.1,31.1,0,0,0,11.5
2019-04-30,38,25,31.4,36.8,22.4,29.5,0.1,0.1,1,28.2
2019-05-01,37.9,23.9,30.5,39.1,22.6,29.4,0,0,0,16.2
2019-05-02,37.3,23.6,30.5,37.9,21.2,28.7,0,0,0,17.7
2019-05-03,37.1,23,30.1,37.6,20.1,28.1,0,0,0,18.1
2019-05-04,38.4,21.5,30.3,38.6,19.6,29,0,0,0,11.2
2019-05-05,40.5,23.5,32.1,39.4,20.5,30,0,0,0,12.4
2019-05-06,40.9,21.3,31.6,41.3,20.2,30.7,0,0,0,10.9
2019-05-07,42.1,21.9,33,41.6,21.4,32.2,0,0,0,9.9
2019-05-08,42,23.1,33.1,42.9,22.8,32.6,0,0,0,11.2
2019-05-09,41.6,24.3,33.1,42.1,23.5,32.4,1.4,1.4,2,11.8
2019-05-10,40.4,24.5,32.5,41.4,23.3,31.5,1.2,1.2,1,14.9
2019-05-11,37.7,25.1,31.6,40.1,25.4,32.1,2.1,2.1,3,13.3
2019-05-12,37.4,24.8,31.8,40.9,26.4,33.8,0.1,0.1,1,13.9
2019-05-13,39.6,26.4,32.1,41.4,27.6,33.1,2.5,2.5,3,17.2
2019-05-14,36.8,24,30.5,40.1,26.3,32.7,0,0,0,16
2019-05-15,34.9,24.3,29.7,37.8,26.2,31.7,0.9,0.9,3,20.1
2019-05-16,32,24.1,28.3,36,25.7,31,0.8,0.8,6,17.7
2019-05-17,30.4,22.5,26.7,33.6,25.7,29.5,13.6,13.6,6,12
2019-05-18,33.6,23,28.7,37.6,25,31.5,0,0,0,10.5
2019-05-19,38.3,23.3,31,40.6,26.1,33.1,0.2,0.2,1,12.1
2019-05-20,37,24.7,31.1,39.5,25.3,32.1,0,0,0,20.2
2019-05-21,38,25.5,32.1,41.8,27.6,34.3,0,0,0,10.4
2019-05-22,38.7,25.4,32.4,40.9,27.4,34.4,2.5,2.5,2,11.4
2019-05-23,36.8,26.3,31.7,40.8,28.1,33.7,0.2,0.2,1,14.5
2019-05-24,34.6,24.3,30.1,38.9,25.4,31.8,0,0,0,19.1
2019-05-25,36.4,23.9,30.5,40.4,25.3,32.8,0,0,0,13.2
2019-05-26,38.8,25.3,32.5,42.2,26.9,34.4,0,0,0,9.4
2019-05-27,40.4,24.7,33.4,42.2,25.5,34.3,0,0,0,9.1
2019-05-28,42.6,25.9,34.8,43.6,25.5,34.7,0,0,0,11.2
2019-05-29,44.1,27.2,35.7,44.5,26.2,35.6,0,0,0,10.2
2019-05-30,44.4,26.9,35.9,45.9,27.7,36.4,0,0,0,9.8
2019-05-31,45.1,26.7,36.2,45.8,26.1,36.1,0,0,0,10.8
2019-06-01,45.1,27.1,36.6,45.8,26.8,36.2,0,0,0,11.1
2019-06-02,45.4,26.7,36.8,45.4,26.8,36.4,0,0,0,11
2019-06-03,46.1,27.4,37.6,46.1,27.7,36.9,0,0,0,13.2
2019-06-04,43.2,30.6,37,42.6,28.3,36,0,0,0,19.1
2019-06-05,42.2,28.8,35.3,43.9,27.1,34.9,0,0,0,17.3
2019-06-06,41.2,28.5,34.8,43,26.7,34.6,0,0,0,17.8
2019-06-07,42.5,27.5,35.5,43.7,27.9,36.3,0,0,0,10.5
2019-06-08,44.3,27.4,36.4,44,28.1,36.3,0,0,0,16.3
2019-06-09,44.8,28.4,37,45,27.8,37,0,0,0,10.4
2019-06-10,46.1,28,37.9,46.4,29.5,37.7,0,0,0,14.5
2019-06-11,42.9,33.1,37.5,46.4,31.6,38,1.3,1.3,1,21.1
2019-06-12,41.5,30.6,35.6,40.5,29.6,34.9,0,0,0,25
2019-06-13,42.3,27.9,35.1,43.7,25.7,35,0,0,0,15.3
2019-06-14,43.2,27.4,36,45.3,29,37.1,0,0,0,14.8
2019-06-15,42.6,32.7,37.1,43,33.1,37.3,0,0,0,25.3
2019-06-16,40.4,31.4,36,43,33.2,37.7,0,0,0,13.2
2019-06-17,40.7,31.9,35.9,42.2,33.5,37.2,0,0,0,26.6
2019-06-18,37.5,28.7,33.1,42.3,33,36.6,1.3,1.3,4,19.5
2019-06-19,37.8,27,32.3,43,31.7,36.8,0.8,0.8,2,8.6
2019-06-20,40.3,28.4,33.7,44.4,32.4,37.4,2.6,2.6,2,11.5
2019-06-21,37,25.1,31.7,42.5,29,36.1,5.4,5.4,5,11.6
2019-06-22,39.8,28.7,34.6,45.2,33.6,39,0,0,0,8.1
2019-06-23,41.2,30,35.1,46.5,35.2,39.4,0.8,0.8,2,10.1
2019-06-24,35.1,25.3,30.6,40.3,28.3,34.2,4,4,7,17.9
2019-06-25,38,27.4,33,42.8,32.3,37.5,0,0,0,9.8
2019-06-26,41.2,28.6,35.2,45.3,32.9,38.9,0.1,0.1,1,15.7
2019-06-27,40.7,28.9,35,45.3,34.3,39.5,0,0,0,14.5
2019-06-28,41.9,30.3,36.2,46.4,33.3,39.9,0,0,0,12.6
2019-06-29,42.9,31.1,36.9,46.9,35,40.6,0.4,0.4,1,14.8
2019-06-30,41.1,30.5,36.3,46.2,32.6,39.9,0.1,0.1,1,8.4
2019-07-01,42.1,31.3,36.9,47,35.2,40.7,0,0,0,13.9
2019-07-02,42.3,31,37,47.6,35.4,41.4,0,0,0,13.9
2019-07-03,43.2,32,37.9,47.1,35.4,40.9,0,0,0,13.3
2019-07-04,43.8,32.3,38.1,47.2,33.9,40.5,0,0,0,14.7
2019-07-05,41.7,32.8,37.5,47,35.3,41.2,0,0,0,19.6
2019-07-06,39.5,32.9,36.2,45.3,36.5,41,0,0,0,18.9
2019-07-07,40.1,32,35.9,46.1,36.4,40.8,0.2,0.2,1,14.4
2019-07-08,41.1,32.6,36.8,46.7,36.8,41.6,0,0,0,11.5
2019-07-09,41.3,33.2,36.8,46.2,36,40.9,0,0,0,18.8
2019-07-10,40.5,32.7,36.3,46.2,34.6,40.4,0,0,0,20
2019-07-11,40.8,32.1,36.2,46.3,34.9,40.7,0,0,0,19.9
2019-07-12,40.2,31,35.7,45.1,33.1,39.4,0,0,0,19.7
2019-07-13,39.8,31.2,35.8,45,33.1,39.2,0,0,0,21.9
2019-07-14,39.1,31.1,35.3,44.5,32.9,39,0,0,0,24.7
2019-07-15,38.3,31.4,34.9,44.4,35.5,39.8,0,0,0,12.7
2019-07-16,37.9,28.8,33.1,43.6,32.9,38,2.2,2.2,5,18.5
2019-07-17,36.9,26.3,31.7,45,30.6,37.5,2.2,2.2,5,16.6
2019-07-18,37.7,26.4,32,44.7,31.3,37.6,9.2,9.2,6,11.8
2019-07-19,34.9,26.4,30.8,43.6,32.3,37.3,8.3,8.3,9,11.5
2019-07-20,35.9,27.6,31.8,43.3,33.7,38.3,2.7,2.7,5,12.4
2019-07-21,37.1,29,33,43.8,34.7,39,1.1,1.1,1,14.3
2019-07-22,38.1,29,33.5,44.2,34.7,39.1,0,0,0,9.4
2019-07-23,39.5,30.1,34.6,46.7,35.8,40.6,0.3,0.3,1,10.3
2019-07-24,40.6,31.4,36.2,45.5,36.9,41.3,0,0,0,14.5
2019-07-25,39.6,33.2,36.2,44.9,36.8,40.7,0.6,0.6,1,22.2
2019-07-26,36.7,28.9,33.4,42.3,33.3,38.5,0.8,0.8,2,17.2
2019-07-27,34.9,27.7,31.2,41.4,33.4,37.4,11.8,11.8,9,13.1
2019-07-28,34.7,27.6,30.7,40.4,33.6,36.2,4.5,4.5,8,15.3
2019-07-29,32.5,26.8,29.3,37.7,32.1,35,10.4,10.4,16,16.9
2019-07-30,35.9,28.5,32.3,44,34.8,39,0.5,0.5,2,9.5
2019-07-31,38.3,29.1,33.9,44.5,36,39.9,2.3,2.3,2,11.5
2019-08-01,36.1,29.8,32.3,44,35.9,38.9,10,10,11,14.6
2019-08-02,35.9,27.4,31.6,42.6,33.3,38.2,1.5,1.5,4,14.8
2019-08-03,35.7,27.4,31.8,42.8,33.1,38.3,3.4,3.4,9,12.7
2019-08-04,35.9,28.7,32.5,42.2,36,39.4,0.4,0.4,2,8.6
2019-08-05,38.1,30.1,33.9,45,36.2,40.4,0.2,0.2,2,10.5
2019-08-06,39.1,31.4,35.3,45.4,37,40.8,0,0,0,18.1
2019-08-07,37,30.8,33.1,43.7,34.9,38.4,3.1,3.1,2,21.7
2019-08-08,36.6,28,31.3,42.9,34.8,38,12.6,12.6,11,10.3
2019-08-09,36,29.4,31.2,43.4,36.6,38.5,18,18,13,13
2019-08-10,33.1,27,30,36.8,32.6,34.8,21.7,21.7,12,23.5
2019-08-11,33.5,26.1,29.2,39.3,31.2,35.1,12.3,12.3,15,12.6
2019-08-12,35,28.1,31.4,42,34.3,37.8,0.2,0.2,1,15.8
2019-08-13,35.8,28.8,32.2,41.2,31.8,36.1,0,0,0,19.8
2019-08-14,36.4,29.2,32.7,42.1,32.3,37.5,0,0,0,18.5
2019-08-15,36.8,29.4,32.8,44.4,36.2,39.6,0,0,0,10.5
2019-08-16,36.9,28.4,32.6,44.5,34.5,38.8,0.8,0.8,3,9
2019-08-17,34.2,27.2,30.3,41.1,33.4,36.3,9,9,9,15
2019-08-18,36.1,28.2,31.7,42.7,33.2,37.8,0.7,0.7,3,11.8
2019-08-19,34.9,25.2,30.1,42.6,30.1,35.9,3.5,3.5,4,14.9
2019-08-20,35.7,27.3,31.3,42.9,32.9,37.4,0,0,0,8.7
2019-08-21,37.8,28,32.4,42.6,31.6,37.2,0,0,0,13.9
2019-08-22,36.8,26.9,31.7,44,32.7,37.6,1.1,1.1,1,10.6
2019-08-23,37.3,28.2,32.6,43.3,34.2,38.3,0,0,0,8
2019-08-24,38.1,28.2,33.3,43.1,34.8,38.5,0,0,0,12.9
2019-08-25,38.3,28.8,33.4,43.8,30.5,37.4,0.2,0.2,1,11.8
2019-08-26,38.7,29.6,33.7,44.4,32.5,38.2,0.2,0.2,1,14.8
2019-08-27,37.1,29.6,33.1,42.4,34.2,38,0,0,0,11.9
2019-08-28,38.2,30,33.1,44.1,36.2,38.9,1.4,1.4,2,13.5
2019-08-29,37.5,30.2,33.9,43.7,36,39.7,0,0,0,9.8
2019-08-30,37.4,29.4,33.3,42.8,35.4,38.8,0,0,0,10.9
2019-08-31,37.3,28.8,31.9,43.7,35.6,38.4,7.8,7.8,4,11.5
2019-09-01,35,29.5,32.5,40.7,34.7,37.9,1.9,1.9,3,13
2019-09-02,35.4,26.8,30.9,40.9,32.8,36.9,8,8,3,14.4
2019-09-03,37.4,28.1,32.9,43.7,34.5,38.9,0,0,0,13
2019-09-04,38.9,30,34.3,44.8,35.6,39.7,0,0,0,12.3
2019-09-05,40.1,30.3,35.3,45.8,36.2,40.5,0,0,0,10.6
2019-09-06,40.9,30.9,35.9,46.7,35.6,40.4,0,0,0,15.5
2019-09-07,40.3,31.7,35.6,45.6,35.4,39.6,1,1,2,16.3
2019-09-08,38.8,31.1,34.9,44.3,35.6,39.5,0,0,0,11.7
2019-09-09,40.7,30.4,35.7,46.6,35.6,40.8,0,0,0,8.7
2019-09-10,42.2,30.8,36.5,46.9,34.4,39.9,0,0,0,11.1
2019-09-11,41.5,30.1,35.7,45.9,31.5,38.8,0,0,0,13
2019-09-12,41.1,30.1,35.1,45.3,32.3,38.3,0,0,0,12.3
2019-09-13,39.4,29.4,34,44.8,32.1,38,0,0,0,12.2
2019-09-14,39.7,29,34,44.8,32.6,38.2,0,0,0,9.8
2019-09-15,39.3,28.9,34.2,44.4,32.6,38.3,0,0,0,9.8
2019-09-16,39.5,29.8,34.2,44.8,33.1,38.2,0,0,0,12
2019-09-17,38.5,29,33.2,44,32.3,37.3,0.1,0.1,1,11.9
2019-09-18,39.5,27.3,32.9,45,29.9,36.7,0,0,0,7.9
2019-09-19,38.4,27.5,32.7,41.5,29.6,35.6,0,0,0,12
2019-09-20,36.9,28.4,32,41.4,31.1,35.3,0.2,0.2,1,14.2
2019-09-21,35.7,27.1,31.3,40.4,31.1,35.3,0,0,0,10.2
2019-09-22,36.8,27.5,31.9,40.6,30.9,35.3,0,0,0,9.9
2019-09-23,36,26.9,31.5,39.4,30.3,35,0,0,0,8.7
2019-09-24,36.4,26.9,31.7,40.1,30.6,35.2,0,0,0,8.4
2019-09-25,36,27.8,31.9,40.2,30.6,35.5,0,0,0,11.3
2019-09-26,36.4,28.3,32.2,40.4,31.5,35.8,0,0,0,12.1
2019-09-27,37.2,27.5,32.5,42.1,30.9,36.1,0,0,0,10.5
2019-09-28,37.1,29,32.4,41,31,35.2,0,0,0,18
2019-09-29,30.3,24.3,27.4,34.6,28,31.6,15,15,9,15.1
2019-09-30,31.6,24.8,28.1,36.9,29.7,32.7,1.2,1.2,3,8.7
2019-10-01,30.6,23,26.6,34.9,26.5,30.5,11.1,11.1,7,16.5
2019-10-02,30.7,23,26.7,34.7,25.6,30.3,2.5,2.5,3,15.2
2019-10-03,28.5,23.4,25.8,31.6,26.5,29.4,9.4,9.4,5,21.6
2019-10-04,28.8,21.3,24.9,31.6,22.6,27.4,1.8,1.8,2,15
2019-10-05,30,21.8,24.9,34.6,25.1,28.2,2.8,2.8,2,8.2
2019-10-06,27.4,20.9,23.6,30.4,22.9,26.2,2.7,2.7,5,12.2
2019-10-07,30,19,24.1,31.6,21.3,26,0,0,0,11.6
2019-10-08,31.9,19.1,25.7,34.8,20.9,27.8,0,0,0,8.7
2019-10-09,32.3,20.4,26.6,35.8,22.8,29.5,0,0,0,7.9
2019-10-10,32.9,20.9,26.9,35.7,22.4,29,0,0,0,9
2019-10-11,33.7,21.8,27.1,36.2,23.2,29.1,0.4,0.4,2,14.6
2019-10-12,33.1,21.5,26.9,37.2,24.3,29.9,0.3,0.3,2,9.1
2019-10-13,34.6,21.4,27.8,37.6,24.3,30.4,0,0,0,8.6
2019-10-14,33.9,21,27.3,36.8,22.4,29.4,0,0,0,9.1
2019-10-15,34.5,22.5,28.2,37.5,25.1,31,0,0,0,6.8
2019-10-16,34.7,21.1,28.1,37.9,23.2,30.5,0,0,0,7.2
2019-10-17,34.5,21.4,27.7,37.6,22.9,29.6,0,0,0,7.8
2019-10-18,30.1,21.4,25.1,30.6,20.9,24.8,0,0,0,22.1
2019-10-19,30.3,19.2,24.4,31.6,19.4,24.9,0,0,0,15.8
2019-10-20,31,18.9,24.8,32.4,19.5,25.5,0,0,0,8.3
2019-10-21,31.8,19.9,26,33.5,21.3,27.2,0,0,0,9.3
2019-10-22,32.6,18.8,26.2,32.9,19.6,26.7,0,0,0,11.3
2019-10-23,32.5,18.6,25.4,33.3,19.4,26,0,0,0,9.8
2019-10-24,32.3,19.9,25.5,32.1,19.6,25.6,0,0,0,12.6
2019-10-25,32.5,19.2,25.6,33.5,19.8,26,0,0,0,8.5
2019-10-26,31.9,19.1,25.7,33.6,19.3,26.4,0,0,0,8.3
2019-10-27,31.9,20.6,26.1,33.2,21.7,27.1,0,0,0,8.9
2019-10-28,32.8,19.1,26,33.6,20.2,26.8,0,0,0,10.1
2019-10-29,33.5,20.9,26.9,34.3,22.2,27.8,0,0,0,9.5
2019-10-30,33,20.5,26.5,34.9,22.1,27.8,0,0,0,8.3
2019-10-31,32.9,19.2,26.3,34.6,21.2,27.8,0,0,0,9.1
2019-11-01,29.1,21.3,24.3,31.2,22.3,26.1,0,0,0,12.7
2019-11-02,28.5,19.6,23.7,29.6,19.7,24.4,0,0,0,13.3
2019-11-03,28.9,18.9,23.6,30.5,20.3,24.9,6,6,4,13.4
2019-11-04,30.1,18.6,24.3,31.4,20.1,25.5,0,0,0,8.9
2019-11-05,30.9,18.9,24.7,30.6,20.6,25.4,0,0,0,12.2
2019-11-06,28.3,17.2,22.8,27.9,18.3,22.9,0,0,0,12
2019-11-07,23.3,16.2,18.9,22.2,14.4,17.4,3.9,3.9,8,22.6
2019-11-08,23.8,13.8,18.4,21.2,12.8,16.9,0,0,0,20.6
2019-11-09,26.9,13.3,19.8,24.2,11.9,17.9,0,0,0,15.2
2019-11-10,28.4,11.9,20.6,26.6,10.9,19.1,0,0,0,8.6
2019-11-11,27.2,13.6,20.3,25.6,12.3,19.1,0,0,0,8.4
2019-11-12,28,13.8,21.4,27.6,13.3,21,0,0,0,5.7
2019-11-13,26.6,16,21.4,26.1,15.9,20.9,0.2,0.2,1,12.1
2019-11-14,24,16.4,18.9,24.8,16.5,19.4,12.1,12.1,14,9.9
2019-11-15,23.2,15.8,19,23.9,16.2,19.5,9.2,9.2,8,9.4
2019-11-16,23.4,15.7,19.1,23.8,16.4,19.6,0.7,0.7,2,10.6
2019-11-17,25.6,14.8,19.6,25,14.3,19.3,0,0,0,13
2019-11-18,27.9,13.3,20.5,28.5,13,20.6,0,0,0,8.1
2019-11-19,27,13.4,19.8,27.4,13.6,20.1,0,0,0,8.1
2019-11-20,26.4,14.1,20,26.7,14.6,20.5,0,0,0,8.5
2019-11-21,24.8,15.3,19.4,24.6,13.8,19.1,0,0,0,18.3
2019-11-22,19.7,14.9,16.4,17.7,13.1,15,1.1,1.1,4,17.5
2019-11-23,22.8,13.4,17.4,21.3,12.8,16.4,0,0,0,13
2019-11-24,24.9,11.8,17.9,23.2,11,16.7,0,0,0,8.2
2019-11-25,24.7,13.4,18.4,23.3,12.4,17.1,0,0,0,8.9
2019-11-26,23.7,10.9,17.2,21.5,9.6,15.7,0,0,0,12.2
2019-11-27,23.7,10.7,17.2,21.9,9.7,15.9,0,0,0,9.4
2019-11-28,22.3,10.8,16.4,20.1,9.5,14.9,0,0,0,16.7
2019-11-29,22.9,10.4,16.3,19.9,9,14.2,0,0,0,12.6
2019-11-30,23.2,9.1,15.9,20.4,7,13.4,0,0,0,9.4
2019-12-01,24.2,9.9,16.6,21.1,6.9,13.9,0,0,0,9.1
2019-12-02,25.5,10.2,17.2,23.2,8.4,15,0,0,0,9.5
2019-12-03,25.8,10.5,17.9,24.3,8.8,16.3,0,0,0,9.5
2019-12-04,25.4,10.2,17.8,24.2,8.9,16.6,0,0,0,9.7
2019-12-05,24.7,10.7,17.1,23.6,9.1,15.7,0,0,0,8.7
2019-12-06,23.9,9.3,16.3,21.8,7.7,14.6,0,0,0,9.1
2019-12-07,24.4,9.4,16,22,7.6,14.2,0,0,0,9.8
2019-12-08,24.2,9.7,16.7,22,8.9,15.1,0,0,0,7
2019-12-09,24.2,11.3,17.7,22.2,9.6,16,0,0,0,7.4
2019-12-10,24.5,9.7,17.4,22.6,8.5,16,0,0,0,8.9
2019-12-11,21.4,11.1,16.5,20.1,9.6,15.3,0,0,0,11.6
2019-12-12,15.6,11.1,13.2,14.7,10,12.1,14.6,14.6,15,15
2019-12-13,18.4,8.6,12.9,17,7.4,11.6,0,0,0,9.3
2019-12-14,19,9.1,13.7,18.4,7.8,12.7,0,0,0,10.1
2019-12-15,18.1,10.1,13.4,16.7,8.6,12.2,0,0,0,9.1
2019-12-16,19.3,6.6,12.4,16.6,4.8,10.6,0,0,0,10.7
2019-12-17,20.4,6.1,12.9,18,4,10.8,0,0,0,8.7
2019-12-18,21.1,6.3,13.3,18.9,4.2,11.2,0,0,0,9.4
2019-12-19,20.4,8.8,14.5,19.6,7.4,13.3,0,0,0,9.4
2019-12-20,20.3,9.7,14.9,20.2,8.6,14.3,0,0,0,7.6
2019-12-21,19.9,8.3,13.4,19,7.2,12.6,0,0,0,8
2019-12-22,19,7.4,12.4,18.7,6.2,11.7,0,0,0,7.7
2019-12-23,18.7,7.3,12.3,18.3,6.2,11.5,0,0,0,9.2
2019-12-24,18.5,6.5,11.8,17.4,4.6,10.4,0,0,0,10.3
2019-12-25,17.1,5.9,10.4,15.9,4.4,9,0,0,0,9.5
2019-12-26,20.2,5.2,11.8,19.1,2.8,10.2,0,0,0,10.4
2019-12-27,19.1,6.1,12.1,17.8,4,10.6,0,0,0,8.9
2019-12-28,16.9,5.4,10.5,15.9,3.3,9,0,0,0,8.3
2019-12-29,13.9,6.4,10,11.9,4.2,8.3,0,0,0,7.8
2019-12-30,14.8,3.2,8.3,13.2,1.1,6.4,0,0,0,8.7
2019-12-31,12.5,5.2,8.3,9.6,3,6,0,0,0,12.1
2020-01-01,14.5,5,9.1,11.5,2.6,6.6,0,0,0,13.3
2020-01-02,17,5.4,10.6,14,3,8.2,0,0,0,12.7
2020-01-03,19.7,6.7,12.6,17.3,3.8,10.1,0,0,0,10.2
2020-01-04,19.4,6.5,12.4,18.5,4.3,10.8,0,0,0,8.7
2020-01-05,12.8,8.2,10.7,11.1,6.4,9,2,2,8,15.2
2020-01-06,10.7,9,9.8,8.4,6.5,7.3,8.7,8.7,16,19.4
2020-01-07,16.3,6.5,10.8,14.7,3.8,8.7,0,0,0,12.7
2020-01-08,16,4.4,10,14,2.4,8.2,0,0,0,8.7
2020-01-09,17.9,3.7,11.1,16,1,9.2,0,0,0,9.5
2020-01-10,17.5,3.4,10.8,15.5,0.9,8.8,0,0,0,6.8
2020-01-11,18,8.6,13,16.2,7.1,11.2,0,0,0,12.1
2020-01-12,17.2,9.9,12.9,13.2,6,9.4,3.3,3.3,4,20.6
2020-01-13,16.3,9,11.5,12.6,6.1,8.8,14.9,14.9,12,18.4
2020-01-14,14.5,3.5,9.6,11.3,0.6,6.9,0,0,0,19.5
2020-01-15,16.5,3.9,10.1,14.3,1.2,8,0,0,0,8.1
2020-01-16,18.4,5.2,11,15.8,2.8,8.7,0,0,0,12
2020-01-17,19.4,4.8,11.6,17.7,2.1,9.4,0,0,0,9.2
2020-01-18,18.7,6.3,11.9,16.1,4,9.6,0,0,0,10.4
2020-01-19,19.1,5.3,11.9,17.6,2.5,9.9,0.2,0.2,1,9.1
2020-01-20,16.8,8.4,12.6,15.3,6.8,11.4,0,0,0,6.9
2020-01-21,18.5,9.3,13.3,16.9,7.8,11.8,0,0,0,9.6
2020-01-22,18.6,7.8,12.6,17.2,5.9,11,0,0,0,9.5
2020-01-23,19.5,6.7,12.8,18.7,4.7,11.4,0,0,0,8.8
2020-01-24,21.1,8.6,14.3,20,7.1,13.1,0,0,0,9.4
2020-01-25,21.5,9.5,15.2,21.7,8.1,14.5,0,0,0,7.6
2020-01-26,21.7,9.1,15.1,21.3,8,14.3,0,0,0,10.5
2020-01-27,15.8,10.5,12.9,14.2,8.6,11.3,14.7,14.7,14,15.2
2020-01-28,17.6,8.9,12.9,14.7,7,10.8,0,0,0,17.5
2020-01-29,18.3,5.8,12.2,17,3.8,10.5,0,0,0,11.2
2020-01-30,17.9,6.2,12.1,16.3,4.1,10.3,0,0,0,10
2020-01-31,19.9,5.7,12.5,17.6,3.5,10.5,1.1,1.1,2,14.4
2020-02-01,19.8,5.5,12.5,18.4,3.1,10.8,0,0,0,9.6
2020-02-02,20,8.7,13.5,19.3,7.2,12.1,0,0,0,10.3
2020-02-03,20.3,7.1,13.7,18.8,5.1,11.9,0,0,0,9.9
2020-02-04,17.4,8.9,12.3,15.6,6.9,10.5,0.5,0.5,4,10.5
2020-02-05,18.8,6.9,12.8,17,4.6,10.7,0,0,0,11.5
2020-02-06,20.6,6.1,13,20.1,3.7,11.2,0,0,0,9.4
2020-02-07,21.2,7,13.9,20.2,4.9,12.3,0,0,0,8.4
2020-02-08,22,6.3,14.4,20.9,4,12.6,0,0,0,10.9
2020-02-09,22.5,7.2,14.5,20.4,4.6,12.2,0,0,0,12.6
2020-02-10,22.5,10.6,15.9,21.3,9.1,14.3,0,0,0,9.7
2020-02-11,22.9,8.6,15.6,22.9,6.5,14.2,0,0,0,12.2
2020-02-12,22.3,11,16.2,21.4,8.2,14.2,0,0,0,13.6
2020-02-13,24.7,10,17.5,23.6,9.1,16.7,0,0,0,13.1
2020-02-14,25.1,10.4,17,23,8.1,14.9,0,0,0,11.6
2020-02-15,26.8,9.4,17.7,25.7,7,15.9,0,0,0,9.6
2020-02-16,27.5,8.6,18.9,25.3,7,17.2,0,0,0,10.2
2020-02-17,27.3,8.7,18.4,25.9,6.1,16.5,0,0,0,10.5
2020-02-18,28.1,9.4,18.7,26.3,7.6,16.8,0,0,0,12.4
2020-02-19,28.7,11.2,19.6,25.4,9.3,17.1,0,0,0,26
2020-02-20,22.8,12.2,17.1,18.1,8.1,13,0,0,0,32.1
2020-02-21,24.3,11.9,17.8,23,9.2,15.9,0,0,0,16
2020-02-22,25.5,11.4,18.5,25,10.4,18,0,0,0,9
2020-02-23,26.3,15,20.3,27,14.9,20.3,0,0,0,9.2
2020-02-24,27.2,12.7,20.3,26.8,12,19.6,0,0,0,12.3
2020-02-25,27.9,13.7,20.9,27.6,12.8,20.1,0,0,0,11
2020-02-26,29.1,14.4,22,29.8,13.7,21.7,0,0,0,9
2020-02-27,30.8,17.3,23.6,30.8,16.1,23,0,0,0,13
2020-02-28,26.9,16.3,20.2,24.9,15.2,18.6,4.2,4.2,2,28.7
2020-02-29,23.8,15,18.7,21.1,13.2,16.9,0.7,0.7,2,22.8
2020-03-01,23.9,13,17.9,21.5,10.5,15.9,0,0,0,21.3
2020-03-02,26.5,11.9,19.3,27.2,11.1,19,0,0,0,9
2020-03-03,27.8,13.5,21.3,29.2,13.4,21.8,0.1,0.1,1,7.3
2020-03-04,24,15.2,18.7,25.5,14.6,18.9,11.8,11.8,12,14.8
2020-03-05,19.7,13.4,16.4,17.5,12.8,15.1,9.8,9.8,10,24.9
2020-03-06,17.9,13.4,15.1,16.5,10.8,13.4,23.6,23.6,18,26
2020-03-07,22.2,11.4,16.6,21.1,10.5,15.6,0,0,0,13.5
2020-03-08,24,11.8,17.9,25.2,11.4,17.7,0,0,0,13.1
2020-03-09,23.3,13,18,24,11.8,17.5,0,0,0,15.2
2020-03-10,24.7,11.6,18.2,26.4,10.7,18.2,0,0,0,10.8
2020-03-11,19.6,13.9,16.3,19,13.4,16.2,13.7,13.7,17,11.9
2020-03-12,20.6,12.9,15.7,19.7,11.4,14.9,9.3,9.3,17,14.6
2020-03-13,20.6,11.1,15.5,19.1,9.3,14.1,0.2,0.2,1,19.5
2020-03-14,22.9,9.4,16.3,22,8.6,15.4,0,0,0,14.8
2020-03-15,24,10.4,17.5,24.5,9.3,17.1,0,0,0,11
2020-03-16,25.9,13.1,19.5,26.6,12.8,19.6,0,0,0,9.1
2020-03-17,27.8,13.6,21.2,29.4,13,21.5,0,0,0,9.4
2020-03-18,28,15.2,21.5,30.5,14.8,22.6,0,0,0,14
2020-03-19,29.4,16.3,22.8,32.6,17,24.1,0,0,0,10.2
2020-03-20,27.3,17,22.1,28.2,16.8,22.1,0,0,0,19.9
2020-03-21,27.2,16.2,21.5,28.7,16.3,21.8,0,0,0,18.1
2020-03-22,28,17.1,22.5,30.1,16.8,23.1,0,0,0,14.1
2020-03-23,27.1,18.3,21.9,28.6,19.2,23.3,7.8,7.8,15,11.5
2020-03-24,26,17.7,21.7,26.9,17.7,22.2,0,0,0,19.6
2020-03-25,25.6,17.1,21.2,26.3,16.6,21.4,0.2,0.2,1,20.7
2020-03-26,21.9,17.8,19.7,23.4,16.7,19.9,7.2,7.2,11,23.9
2020-03-27,23.5,16,18.8,24.1,16.3,19.4,5.1,5.1,12,14.8
2020-03-28,27.4,15.2,20.5,30.4,15.3,21.3,0.4,0.4,1,9.9
2020-03-29,27.1,15.2,20.9,28.5,14.8,21.1,0,0,0,13.5
2020-03-30,27.7,15.3,21.9,28.7,15.5,22.3,0,0,0,10.8
2020-03-31,25.1,16.1,20.4,26.5,15.5,20.3,2.1,2.1,4,23.1
2020-04-01,26.9,14.1,20.3,27.8,12.9,20,0,0,0,17.7
2020-04-02,29.2,14.3,21.9,30.1,14.5,22.4,0,0,0,10.3
2020-04-03,30.2,14.7,23.1,31.7,14.5,23.2,0,0,0,9.5
2020-04-04,32.1,16.1,24.5,33.1,16.1,24.8,0,0,0,8.8
2020-04-05,32.1,17.9,25.4,32.3,19,25.8,0,0,0,11.6
2020-04-06,31.1,18.5,24.8,31.9,18.6,24.7,0,0,0,17.3
2020-04-07,30,18,23.9,30.9,16.7,23.2,0.1,0.1,1,24
2020-04-08,31.8,16.7,24.5,31.8,16.6,24,0,0,0,10.9
2020-04-09,34.6,19.6,26.5,34.8,19.2,26.5,2.6,2.6,3,13.9
2020-04-10,31.9,20.3,26.2,32.4,18.5,25.7,0,0,0,23.2
2020-04-11,35,20.2,27.9,36.4,21.2,28.7,0,0,0,9.8
2020-04-12,39.4,22.5,31,39.8,23.4,31.4,0.1,0.1,1,11
2020-04-13,39.1,24.7,32.2,41.1,24.6,32.3,0,0,0,18.6
2020-04-14,37.9,22.2,30.4,39.1,22.7,30.5,0,0,0,24.7
2020-04-15,36.3,22.4,29.2,34.5,22.2,27.8,0,0,0,23.1
2020-04-16,35.9,20.9,29.3,36.5,20.2,28.6,0,0,0,10.2
2020-04-17,30.8,20.7,26.1,31,21.9,25.9,1.9,1.9,3,23
2020-04-18,30.6,19.1,25,31.6,19.5,25.1,0,0,0,17
2020-04-19,33,20,26.7,34.1,20.1,26.9,0,0,0,10.2
2020-04-20,32.7,22.1,27.5,34.2,20.8,27.2,0.2,0.2,1,18.7
2020-04-21,34,21.5,28,34.3,21.5,27.8,0,0,0,10.9
2020-04-22,36.5,20.9,30,37,20.9,29.9,0,0,0,11
2020-04-23,33.8,25,29.6,34.6,24.2,29.6,0.2,0.2,2,10.9
2020-04-24,37.5,24.6,30.9,39.3,25.3,31.5,0.8,0.8,2,10.1
2020-04-25,36,23.7,29.9,38.1,23.8,30.7,0.9,0.9,1,17.1
2020-04-26,37.5,22.6,30.8,38.8,23.3,31.1,0,0,0,10.2
2020-04-27,38.3,24.3,32,39.6,24.1,31.7,0,0,0,18.7
2020-04-28,36.5,24.5,30.9,38.3,25.9,31.6,0.2,0.2,2,17.8
2020-04-29,38.9,24.1,31.9,39.9,25.9,33,0,0,0,14.3
2020-04-30,39.7,25.6,33,41.7,28.3,34.8,0,0,0,12.1
2020-05-01,41.9,24.3,34,42.5,24.8,34.3,1.4,1.4,2,13
2020-05-02,38.8,28.6,33.5,41.1,27.7,33.6,0.6,0.6,1,19.2
2020-05-03,33.7,25.8,29.6,35.8,25.7,30.7,0,0,0,27.3
2020-05-04,34.3,23,29,38.5,25.7,31.4,0,0,0,10.2
2020-05-05,36.9,23.6,30.6,39.8,24.8,31.9,0,0,0,15.3
2020-05-06,38.3,24.5,31.7,40.3,24.4,31.7,0,0,0,18
2020-05-07,38.1,23.4,31.5,39.3,22.8,31.2,0,0,0,14.7
2020-05-08,40.1,24.6,32.9,42.3,24.6,33.4,0,0,0,9.7
2020-05-09,41.5,26.2,34.3,43.2,26.3,34.4,0,0,0,12.6
2020-05-10,40.8,26.5,34.2,41.9,25.9,34,0,0,0,16.8
2020-05-11,40.8,26.2,33.8,43.4,26,33.9,0,0,0,15.9
2020-05-12,37.8,26.4,32.4,39.8,25.8,32.6,0,0,0,22.1
2020-05-13,34.9,23.7,29.6,38.2,25,31.9,0.7,0.7,3,17.4
2020-05-14,33.1,22.9,27.7,38.4,24.9,30.7,14.3,14.3,6,21.3
2020-05-15,33.5,23.3,28.5,37.6,24.6,31.1,0,0,0,18.7
2020-05-16,37.8,24.4,31,40,26.8,32.7,0,0,0,9.6
2020-05-17,38.7,22.1,30.9,39.5,22.4,30.8,0,0,0,9.8
2020-05-18,37.7,23.1,30.5,38.3,21.7,29.6,0,0,0,17.7
2020-05-19,38.5,22.6,30.9,39,22.3,30.4,0,0,0,13
2020-05-20,40.1,23.3,32.3,40.3,22.9,32,0,0,0,10.9
2020-05-21,42.2,23.2,33.5,42.2,22.7,32.9,0,0,0,9.3
2020-05-22,44.2,28.7,36.3,42.7,26.4,34.2,0,0,0,18
2020-05-23,42.7,28.2,35.6,42.6,26.1,34.4,0,0,0,19.1
2020-05-24,42.6,26.3,35.1,44.1,25.6,34.9,0,0,0,9.1
2020-05-25,45.5,27,36.8,45.1,26.6,36.3,0,0,0,13.2
2020-05-26,44.8,26.4,36.1,46.7,25.7,36.2,0,0,0,11.3
2020-05-27,44.9,25.7,35.7,44.5,25.1,35,0,0,0,11.4
2020-05-28,44.6,26.8,35.9,45.4,26.1,35.4,0,0,0,21.4
2020-05-29,39.8,28.1,32.9,41.2,30.3,34.2,0.8,0.8,2,21.3
2020-05-30,35.4,26.9,30.8,39,29,33.3,0.5,0.5,1,16.1
2020-05-31,34.9,25.8,30.8,38.4,28.8,33.8,0,0,0,13.5
2020-06-01,37.3,26.3,31.6,40.6,28.5,34.1,0.6,0.6,2,11.1
2020-06-02,36.2,25.8,30.8,39.9,28.3,33.8,1.2,1.2,2,12.7
2020-06-03,34.8,25.9,30.6,38.9,28.7,33.6,2.7,2.7,1,10
2020-06-04,36.5,26.4,31.8,40.3,29.7,34.5,0,0,0,9.2
2020-06-05,38.1,25.9,32.7,41.4,28.7,34.9,0,0,0,10.4
2020-06-06,39.2,28.1,33.6,42.2,29.9,36,1.2,1.2,2,12.9
2020-06-07,39.9,27.7,34.2,44.3,29.3,36.8,0,0,0,12.2
2020-06-08,41.5,28.8,35.5,44,31.7,37.8,0,0,0,13
2020-06-09,42.7,30.6,36.8,44.8,31.7,38.3,0,0,0,18.1
2020-06-10,42.3,29.6,36.3,45.9,31.8,38.9,0,0,0,10.5
2020-06-11,42.3,30.9,36.6,46,32.9,39.4,0,0,0,7.9
2020-06-12,41.9,29.5,36,46.6,32.9,39,0,0,0,14.4
2020-06-13,40.7,30.2,35.6,44.3,32.6,38.5,0,0,0,12
2020-06-14,41.9,30.1,36.2,45.6,32.3,38.8,0,0,0,12.3
2020-06-15,43.5,29.4,37,45.3,31.7,38.6,0,0,0,13.1
2020-06-16,44,29.6,37.2,48.2,32.2,40.1,0,0,0,8.3
2020-06-17,44.7,29.6,37.8,46.3,32.2,39.3,0,0,0,11
2020-06-18,43.1,30.7,37.1,46.6,31,39.2,0,0,0,12.8
2020-06-19,41.7,32.2,36.7,46,32.6,39.6,0,0,0,16.4
2020-06-20,41.7,32.2,36.5,46.8,35.4,39.9,0.1,0.1,1,19.4
2020-06-21,41.9,31.8,36.8,45.9,35.2,40.3,0,0,0,20
2020-06-22,42.1,30.6,36.5,45.9,32.8,39.4,0,0,0,14.3
2020-06-23,43.4,31.2,37.4,46.7,33.2,39.9,0,0,0,13.5
2020-06-24,41.4,32.1,36.9,46,33.8,40.2,0,0,0,17.6
2020-06-25,40,29.1,35.6,46.9,34,40.7,1.6,1.6,2,14.6
2020-06-26,41.5,32.9,37,46.3,36.1,41.1,0,0,0,13.4
2020-06-27,41.1,32.6,36.4,46.2,35.5,40.4,0,0,0,18.3
2020-06-28,41.7,32.6,36.7,45.8,35,40.3,0,0,0,21.1
2020-06-29,40.7,32.1,36.2,47.1,35.3,41.2,0,0,0,13.4
2020-06-30,40.5,31.9,36,46.9,37.5,41.5,0.4,0.4,2,20.9
2020-07-01,38.3,26.8,33.4,45.6,33,40,20,20,4,11.7
2020-07-02,41.9,31.5,36.4,47.8,36.4,42,0,0,0,14.1
2020-07-03,42.9,32.9,37.4,47.5,35.9,41.5,0,0,0,17.1
2020-07-04,42.9,33.4,37.6,45.8,36.1,40.6,0,0,0,21
2020-07-05,38,29.7,34.1,43.3,32.6,38.4,0,0,0,17
2020-07-06,38.4,27.5,33.3,43,32.8,38,3.3,3.3,5,11.8
2020-07-07,40.3,29.4,34.9,43.9,33.9,38.7,0,0,0,11.8
2020-07-08,39.4,30.6,34.8,43.3,34.7,38.6,0,0,0,15
2020-07-09,39.7,30,35.2,45.5,34.6,40,0,0,0,10.1
2020-07-10,41.8,33.2,37.3,45.3,35.8,40.3,0,0,0,21.2
2020-07-11,41.1,32.7,36.6,46.3,34.8,40.1,0.6,0.6,1,23.5
2020-07-12,39.1,32.2,35.3,45,36.5,40.3,0,0,0,9.5
2020-07-13,38.1,30.6,34.5,43.9,34.9,39.4,0,0,0,10.4
2020-07-14,41.3,31.1,36.3,46.6,36.7,41.5,0,0,0,8.2
2020-07-15,42.2,31.9,37.4,46.4,36.4,41.3,0,0,0,13.4
2020-07-16,39.9,32.2,35.2,45.2,36.9,39.8,2.6,2.6,3,16.8
2020-07-17,40,30.3,35.1,44.4,35.4,39.6,0,0,0,13.2
2020-07-18,40,31.1,35.8,45.7,36.3,40.9,0,0,0,13.7
2020-07-19,42.8,32.5,37.6,46.8,37.8,41.8,0,0,0,19.7
2020-07-20,40.3,33.1,36.6,44.6,34.9,39.9,0,0,0,25.9
2020-07-21,36.5,29.4,32.2,41.4,34.6,36.6,8,8,7,20.6
2020-07-22,35.4,26.5,31.1,40.4,32.1,36.1,1.7,1.7,3,11.6
2020-07-23,38.6,28.4,33.5,44,32.7,38.3,0,0,0,10.7
2020-07-24,38.1,30.9,34.6,43.7,35.7,39.9,0.1,0.1,1,11.3
2020-07-25,38,29.9,33.9,43.5,36.3,39.5,0,0,0,12.7
2020-07-26,38.7,30,34.4,44.5,34.9,39.5,0,0,0,9.4
2020-07-27,40.8,31.2,36,45.2,35.9,40,0,0,0,15.5
2020-07-28,40.8,32.2,36.2,44.7,34.9,39.5,0,0,0,21.4
2020-07-29,41.1,32.2,36.5,46.3,35.7,40.9,0,0,0,18.2
2020-07-30,39,33,35.9,44.3,36,40.4,0,0,0,20.9
2020-07-31,39.3,29.9,34.7,44.6,36.2,39.9,2.5,2.5,6,14.6
2020-08-01,40.4,30.5,35.2,46,34.8,39.9,0.5,0.5,2,16.6
2020-08-02,41.6,32.1,36.5,46.1,36.2,40.8,0,0,0,13.2
2020-08-03,42.1,33.5,37.4,46.4,36.2,41,0,0,0,19.8
2020-08-04,40.9,33.5,36.7,46.4,37.1,41,0,0,0,17.1
2020-08-05,41.9,31.3,36.4,47.6,36.4,41.8,0.6,0.6,1,10
2020-08-06,38.2,31.7,34.7,42.3,36.6,38.9,2,2,2,20.2
2020-08-07,37.4,32.2,34.6,40.9,36,38.5,0,0,0,20.6
2020-08-08,38.2,30.5,33.4,44.1,36.2,39.4,3,3,2,15.8
2020-08-09,37.8,29.5,33.5,43.7,35,38.6,0.3,0.3,2,16.8
2020-08-10,38.4,30.9,34.7,44.5,36.9,40.2,0.1,0.1,1,14.6
2020-08-11,38.5,29.2,33.8,44.2,35.3,39.5,1.8,1.8,4,15.8
2020-08-12,40.7,31.3,35.9,45.6,35,40.3,0,0,0,18.6
2020-08-13,41.5,31.9,36.5,46.7,36.6,41.3,0,0,0,20.3
2020-08-14,39.7,32,35.1,44.9,36,39.6,1.1,1.1,2,17.1
2020-08-15,39.2,30.9,35.3,44.9,36.2,40.5,0.1,0.1,1,12.4
2020-08-16,41.1,32,36.5,46.6,37.2,41.4,0,0,0,9.5
2020-08-17,41.8,32,37,46.4,36.6,41.2,0,0,0,12.7
2020-08-18,39.9,32.2,35.7,45.9,37.5,40.7,0.5,0.5,2,19
2020-08-19,40.8,32,35.8,45.9,36.6,40.3,0,0,0,22.5
2020-08-20,37.8,29.5,33.3,42.7,35.1,38,3.1,3.1,5,19.1
2020-08-21,34.6,27.4,30.7,39.3,33.4,36.3,9.4,9.4,8,11.5
2020-08-22,36.7,28.1,32.5,42,33.5,37.8,0.2,0.2,2,11.2
2020-08-23,37.7,29.8,33.7,43.4,34.9,38.6,0,0,0,10.4
2020-08-24,37.8,29.5,33.9,41.7,34.2,38,0,0,0,13.3
2020-08-25,36,29.2,32.6,40.5,34.9,37.4,5.5,5.5,3,15.5
2020-08-26,33.5,27.8,30.8,37.8,34.5,36.1,6.7,6.7,13,12.1
2020-08-27,31.7,26.4,28.4,38.1,32.2,34.4,20.8,20.8,18,11.6
2020-08-28,33.9,27.1,30.4,40.1,33.2,36.5,0.3,0.3,3,7.7
2020-08-29,34.5,25.8,30.1,42.1,31.6,36.3,3.1,3.1,8,10.2
2020-08-30,35.4,28,31.4,39.5,33.3,36.3,0,0,0,13
2020-08-31,30,25.8,27.5,34.8,29.4,32.2,115,115,17,20.9
2020-09-01,29.1,23.4,26,34,25,29.5,11,11,16,22.8
2020-09-02,30.7,24.4,27.5,35.5,27.2,31.8,0.9,0.9,2,16
2020-09-03,32.3,26.2,28.5,37.9,32.1,34.3,9,9,5,11.5
2020-09-04,30.8,24.9,27.3,36.2,29,32.5,15.9,15.9,16,19.2
2020-09-05,33.4,25.6,29.4,39.8,31.9,35.6,0.1,0.1,1,7.1
2020-09-06,34.7,25.7,30.2,40.8,31.4,36.2,0,0,0,7.6
2020-09-07,35.5,26.1,30.6,42.5,31.7,36.9,0.4,0.4,1,8.1
2020-09-08,35.7,26.1,31,42.6,32.9,37.6,0,0,0,8.1
2020-09-09,36.2,26.7,31.2,42.9,32.6,37.5,0,0,0,9.1
2020-09-10,36.7,25.8,30.8,41.4,30.9,35.5,0,0,0,12
2020-09-11,36.7,26.2,31,41.7,29.2,34.9,0,0,0,15.2
2020-09-12,36.8,25.2,31.3,43.2,30.2,36.4,0,0,0,9
2020-09-13,37.6,26.2,31.9,42.5,30.5,36.5,0,0,0,9.6
2020-09-14,36.5,26.3,31.4,41.2,30.5,36.2,0,0,0,8.7
2020-09-15,35.1,27.6,31.2,40.2,31.9,36.3,0,0,0,10.6
2020-09-16,36.6,28.7,32,41.5,32.9,36.5,0,0,0,15.5
2020-09-17,37.3,26.5,31.8,42.3,31.5,36.5,0,0,0,11
2020-09-18,37.9,27.3,32.3,42.7,32.3,36.8,0,0,0,10
2020-09-19,38.3,26,32.2,43.1,30.4,36.6,0,0,0,8.1
2020-09-20,38.6,25.1,31.9,41.7,28.9,35.1,0,0,0,8.5
2020-09-21,38.9,24.2,31.1,41.1,25.5,33.1,0,0,0,15.6
2020-09-22,38.6,23.6,31.3,40.8,24.3,32.9,0,0,0,8
2020-09-23,37.8,22.8,31.3,41.4,25.3,34,0,0,0,8.1
2020-09-24,38.4,24.1,31.8,41.3,27.3,34.8,0,0,0,10.1
2020-09-25,37.8,25,31,38.7,26.4,32.5,0,0,0,15.3
2020-09-26,35.9,24.8,29.7,38,25.7,31.4,0,0,0,13.3
2020-09-27,35.8,22.9,29.4,39,25.4,32.2,0,0,0,9.4
2020-09-28,36.3,22.8,29.4,38.4,25.9,31.8,0,0,0,11.8
2020-09-29,35.9,23.9,29.6,38.8,26.7,31.9,0,0,0,8.4
2020-09-30,36.1,24.2,30,39.4,27.6,32.7,0,0,0,9.8
2020-10-01,36.1,24.7,29.9,34.5,24.3,29.6,0,0,0,18.1
2020-10-02,35.8,21.4,28.7,36.9,20.1,28.6,0,0,0,9.9
2020-10-03,35.6,20.1,28.5,37.2,21.1,29.9,0,0,0,7.9
2020-10-04,35.9,20.1,28.5,36.8,20.7,29.4,0,0,0,10.3
2020-10-05,35.4,20.5,27.7,37.4,20.8,28.8,0,0,0,9.2
2020-10-06,36.2,20.4,28,37.3,21.1,28.8,0,0,0,9.8
2020-10-07,36,22.2,28.7,36.8,22.7,29.1,0,0,0,13.1
2020-10-08,36.3,20.7,28.2,36.7,21.4,28.8,0,0,0,13.2
2020-10-09,36.2,20.6,28.4,36.5,20.9,28.7,0,0,0,11.4
2020-10-10,36.2,21.5,28.5,37.2,21.7,29,0,0,0,9.7
2020-10-11,36,20.4,28.1,36.8,21.2,28.7,0,0,0,9.7
2020-10-12,35.3,19.8,28,36.4,21.1,28.6,0,0,0,9.4
2020-10-13,35.6,20.5,27.8,35.9,20.2,27.9,0,0,0,12.2
2020-10-14,34.8,22.4,28.2,35.7,21.4,28.1,0,0,0,9.7
2020-10-15,35,20.1,27.7,36.1,20.9,28.4,0,0,0,9
2020-10-16,35,19.6,27.1,35.3,20.4,27.3,0,0,0,9.9
2020-10-17,34.9,18.7,27,33.8,18.9,26.2,0,0,0,10.1
2020-10-18,34.1,19.5,26.4,33.6,17.9,25.8,0,0,0,9.8
2020-10-19,33.7,17.3,26,33.2,17,25.5,0,0,0,8.2
2020-10-20,34.1,16.9,25.9,34.4,16.5,25.5,0,0,0,8.4
2020-10-21,33.9,17.4,25.2,32.4,16.5,24,0,0,0,12
2020-10-22,32.9,18,25.6,33.3,17.3,25.3,0,0,0,8
2020-10-23,32.6,17.2,24.3,31.8,16.1,23.7,0,0,0,9.7
2020-10-24,32.1,17.3,24.4,32.5,17.2,24.5,0,0,0,6.8
2020-10-25,31.2,16.2,23.8,30.5,14.9,23.3,0,0,0,11.3
2020-10-26,31,17.9,23.8,29.3,15.5,22,0,0,0,13.8
2020-10-27,31,17.3,23.6,30.1,16.2,22.8,0,0,0,9.5
2020-10-28,31.3,16.3,23.4,30.7,15.4,22.6,0,0,0,9.8
2020-10-29,31.1,16,23.4,30.4,15.6,22.9,0,0,0,9.6
2020-10-30,30.7,16.9,23.3,30.8,16.1,22.7,0,0,0,10.2
2020-10-31,30.8,15.8,23,30.6,15.4,22.4,0,0,0,9.2
2020-11-01,30.3,17.3,22.8,30.1,17.1,22.5,0,0,0,10.5
2020-11-02,30.8,15.4,22.8,30,14.4,21.9,0,0,0,10.3
2020-11-03,30.9,14,22.3,29.6,12.9,21.2,0,0,0,10.6
2020-11-04,29.5,14.2,22.2,28.9,13.9,21.7,0,0,0,9.2
2020-11-05,29.7,13.3,21.6,29.1,12.5,20.8,0,0,0,9.8
2020-11-06,29.9,14.7,21.8,28.8,13.7,20.8,0,0,0,9.7
2020-11-07,29.6,14.3,21.8,29.5,13.4,21.3,0,0,0,10.6
2020-11-08,30.5,14.1,22.1,29,13.2,21,0,0,0,11
2020-11-09,29.7,13.4,21.7,28.9,12.6,21,0,0,0,9.8
2020-11-10,28.8,13.5,21.1,29,12.8,20.9,0,0,0,9.4
2020-11-11,28.3,13.9,21.3,29.4,13.9,21.5,0,0,0,8.3
2020-11-12,27.9,15.7,21.6,28.6,15.9,22,0,0,0,8.3
2020-11-13,28.3,15.1,22,28.4,15.2,22.2,0,0,0,9.4
2020-11-14,27.6,15.8,21.5,27.6,16.7,21.8,0,0,0,8.7
2020-11-15,23.9,15.4,18.8,24,14.9,18.7,1.1,1.1,5,13.1
2020-11-16,22.5,13.1,17.3,20.3,12,15.8,0,0,0,16.3
2020-11-17,22.9,11.9,16.9,21,10.1,15,0,0,0,12.5
2020-11-18,23.7,9.8,17,22.6,8.6,15.6,0,0,0,9.1
2020-11-19,24.1,11.2,17.5,22.8,9.4,16.1,0,0,0,8.7
2020-11-20,23.6,11,17.1,22.4,9.8,15.8,0,0,0,9.7
2020-11-21,23.2,10.6,16.9,22.4,9.4,15.8,0,0,0,8.4
2020-11-22,23.8,11,17.3,22.6,9.5,16.1,0,0,0,7.9
2020-11-23,23.4,12,16.9,21.8,10.6,14.9,0,0,0,18.4
2020-11-24,21.1,13.3,16.3,18,10.3,13.6,1.2,1.2,5,18.5
2020-11-25,20.8,13.7,16.4,18.7,11.7,14.3,0.2,0.2,2,18.1
2020-11-26,21.2,11.2,15.7,18.6,9.1,13.6,0,0,0,18.4
2020-11-27,23.4,9.4,15.9,20.5,7.6,13.8,0,0,0,11.8
2020-11-28,25.3,8.7,16.8,23.1,6.8,15,0,0,0,8.1
2020-11-29,26.7,10.6,17.8,24.7,8.8,15.9,0,0,0,10.1
2020-11-30,26.3,11.3,18.6,25.6,9.7,17.6,0,0,0,8.7
2020-12-01,26.8,13.4,19.4,25.6,12.3,18.5,0,0,0,8.1
2020-12-02,27.1,11.3,18.8,26.1,10.4,18,0,0,0,9.5
2020-12-03,27.4,11.4,19,26.4,10.3,18,0,0,0,9.5
2020-12-04,26.7,12.2,18.9,26.2,11.2,18.1,0,0,0,8.5
2020-12-05,26.1,13.2,19,25.1,12.7,18.4,0,0,0,11.9
2020-12-06,26.2,13.7,19.3,25.4,13.6,18.9,0,0,0,9
2020-12-07,25.7,12.5,19.1,25.4,11.6,18.8,0,0,0,8.2
2020-12-08,23.7,14.3,18.4,22.4,12.2,16.7,0,0,0,15.5
2020-12-09,22.8,14,17.5,21.4,12.9,16.4,2.3,2.3,3,13.8
2020-12-10,23.5,11.8,17,21.1,10.6,15.4,0,0,0,13
2020-12-11,19,12,14.5,16,11.6,13,6.7,6.7,14,19.5
2020-12-12,19,8.3,13,18.2,7.4,12.1,0,0,0,8.4
2020-12-13,19.4,7.3,13.2,17.9,5.5,11.9,0,0,0,8
2020-12-14,19.6,7.3,13.1,17.8,5.4,11.6,0,0,0,8.3
2020-12-15,16.9,7.3,11.8,15.2,5.5,10.1,0,0,0,10.4
2020-12-16,17.9,4.2,10.8,15.2,1.5,8.2,0,0,0,9
2020-12-17,18.5,4.9,11.4,15.8,2.2,9,0,0,0,8.5
2020-12-18,20.2,7.3,13.2,18.2,4.5,11.1,0,0,0,8.6
2020-12-19,21.5,8.4,14.8,19.7,6.8,13.3,0,0,0,4.2
2020-12-20,22.1,9.4,15.6,20.7,8.1,14.3,0,0,0,5.4
2020-12-21,22.5,9.5,15.7,21.3,8.4,14.6,0,0,0,6.5
2020-12-22,23.6,8,15.1,21.1,5.9,13.2,0,0,0,8.8
2020-12-23,22.8,8.3,14.9,21.6,6.2,13.5,0,0,0,9.1
2020-12-24,22.3,7.8,14.5,21,6,13.2,0,0,0,6.5
2020-12-25,21.9,7.8,14.4,21,5.6,12.7,0,0,0,9.4
2020-12-26,22,8.2,14.4,19.7,6.4,12.5,0,0,0,9.8
2020-12-27,17.5,8.7,12.6,12.1,6,8.9,0,0,0,18.6
2020-12-28,18.4,4.4,11.3,15.9,2,8.9,0,0,0,10.7
2020-12-29,18.2,4.7,11.2,15.5,2.3,8.8,0,0,0,9.7
2020-12-30,19.4,5,11.4,16.9,2.5,8.9,0,0,0,9.3
2020-12-31,19.7,3.8,11.2,15.9,0.8,8.1,0,0,0,11.3
2021-01-01,20.1,4.2,11.6,17.1,1.7,8.9,0,0,0,10
2021-01-02,19.1,5,11.6,15.7,2.3,8.9,0,0,0,15.3
2021-01-03,19.4,8.5,13.5,16.6,6.5,11.2,0,0,0,14
2021-01-04,18.6,9.7,14,16.5,7.9,12.1,0.2,0.2,2,20.2
2021-01-05,19.5,11.2,14.4,17,8.7,12.4,3,3,7,18.8
2021-01-06,19.4,7.6,12.7,17.9,6.1,11.5,0,0,0,9.6
2021-01-07,20,6.5,13,18.1,4.5,11.3,0,0,0,8.7
2021-01-08,19.2,7.7,12.8,18,5.5,11.2,0,0,0,9.3
2021-01-09,19.7,6.2,12.3,17,3.8,10,0,0,0,9.1
2021-01-10,21.1,5,12.7,18.8,2.4,10.4,0,0,0,9.9
2021-01-11,22.3,5,13,19.5,2,10.4,0,0,0,11.7
2021-01-12,22.6,3.9,12.7,20.1,1,10.2,0,0,0,9.7
2021-01-13,22.1,4.9,12.8,20.6,2,10.5,0,0,0,10.8
2021-01-14,20.2,5.1,12.8,18.2,2.5,10.6,0,0,0,10.2
2021-01-15,19.8,6.9,12.9,18.7,4.7,11.1,0,0,0,9.5
2021-01-16,18.9,5.4,11.3,17.3,3.1,9.7,0,0,0,9.2
2021-01-17,18.3,5.2,10.8,16.3,2.5,8.7,0,0,0,10.4
2021-01-18,14.9,6.2,9.8,11.9,3.2,7.2,0,0,0,17
2021-01-19,19.5,3.5,11.8,18.3,1.2,10.3,0,0,0,8.5
2021-01-20,22.4,7,13.9,21.8,4.6,12.6,0,0,0,10.5
2021-01-21,24.2,6.6,14.9,22.3,4.3,13.1,0,0,0,13.5
2021-01-22,22.8,8.9,16,22.7,7.3,15.2,0,0,0,11.3
2021-01-23,20.1,9.7,14.2,16.8,7.1,12,0,0,0,17.7
2021-01-24,21.1,7.6,13.6,19,4.6,11.2,0,0,0,10.3
2021-01-25,21,4.8,13.3,18.5,2.2,11,0,0,0,8.3
2021-01-26,20.8,7.2,13.3,18,5,10.9,0,0,0,10.6
2021-01-27,20.8,5.3,13.8,18.9,2.7,11.8,0,0,0,7.7
2021-01-28,21.2,7.8,13.7,19.3,6,11.6,0,0,0,10
2021-01-29,21.2,5.8,13.3,19.5,3.2,11,0,0,0,10.5
2021-01-30,21.9,7.2,14.5,19.4,5.4,12.3,0,0,0,10.6
2021-01-31,22.5,6.9,14.4,20.2,4,12.2,0,0,0,9.8
2021-02-01,23.8,8.4,15.3,21.2,6,13.2,0,0,0,13.9
2021-02-02,23.3,7.9,15.6,23,6,14.5,0,0,0,8.4
2021-02-03,23.6,8.6,15.7,21.4,6.4,13.4,0,0,0,10.8
2021-02-04,22.1,9.6,15.3,19.5,7,13,0,0,0,17.4
2021-02-05,22.7,7.4,15.4,21.8,5.5,13.8,0,0,0,9.4
2021-02-06,23.5,8.8,16,21.5,7,14,0,0,0,12.7
2021-02-07,24.7,7.9,16.4,23,5.9,14.7,0,0,0,10.8
2021-02-08,25,9.1,17.2,24.3,7.4,15.9,0,0,0,10.2
2021-02-09,26.2,10.5,18.2,25.2,9.3,17.4,0,0,0,9.7
2021-02-10,27,10.5,18.5,27.2,8.8,17.8,0,0,0,10
2021-02-11,26.3,11.9,18.9,26.7,10.8,18.4,0,0,0,9
2021-02-12,26.6,12.1,19.5,27,11.1,19.3,0,0,0,9.1
2021-02-13,27.6,14,20,26.8,13.2,19.2,0,0,0,9.9
2021-02-14,27.3,12.1,19.4,26.9,11,18.5,0,0,0,10.4
2021-02-15,26.6,11.8,19.2,27.5,11,19,0,0,0,9.4
2021-02-16,26.9,11.8,19.6,27.9,11,19.5,0,0,0,9.4
2021-02-17,27.2,12,19.9,27.3,11.2,19.5,0,0,0,9.8
2021-02-18,26.9,13.3,19.9,27.7,12.3,19.7,0,0,0,8.9
2021-02-19,27.2,12.2,19.6,26.9,11.3,18.9,0,0,0,10.1
2021-02-20,27.5,12.9,19.8,26.5,11.9,18.8,0,0,0,10.2
2021-02-21,27.8,12.8,20.1,27,11.4,19,0,0,0,9.7
2021-02-22,29.2,13.3,21,27.6,11.6,19.3,0,0,0,13.8
2021-02-23,29.8,14.4,22,28.8,12.7,20.8,0,0,0,13.3
2021-02-24,29.8,14.6,21.8,29.6,14.3,21.6,0,0,0,10.2
2021-02-25,29.6,14.9,22.1,30.4,14.1,21.9,0,0,0,12.2
2021-02-26,30.4,15.4,23,31.3,16,23.5,0,0,0,11.9
2021-02-27,26.8,16,21.5,24.8,11.8,18.1,0,0,0,20.5
2021-02-28,27.3,11.7,19.6,26,9.2,17.6,0,0,0,10.1
2021-03-01,28.3,12.7,20.7,28,11.2,19.6,0,0,0,10.3
2021-03-02,29,12,21.1,26.9,10.5,19.3,0,0,0,14.9
2021-03-03,30.1,12.6,21.6,30.3,11,20.6,0,0,0,11.4
2021-03-04,30.3,14.1,22.2,29.9,12.9,21.2,0,0,0,10.6
2021-03-05,30.7,13.4,22.6,31,12.7,22.2,0,0,0,10.6
2021-03-06,31.1,15.8,23.3,31.4,14.4,22.6,0,0,0,10.1
2021-03-07,30.3,17.4,23.5,28.8,15,21.9,0,0,0,18.8
2021-03-08,29.9,17.4,23,29.1,15.4,21.9,0,0,0,19.3
2021-03-09,30.1,16.5,23.4,29.9,15.5,22.9,0,0,0,12.6
2021-03-10,30.2,15.4,23.3,31.9,14.9,23.7,0,0,0,7
2021-03-11,30.6,16.4,23.5,31.8,16.4,23.6,0,0,0,20.4
2021-03-12,27.5,16.8,22,26.6,14.6,20.3,0,0,0,26.1
2021-03-13,28.3,16.7,22.4,28.7,15.9,22.4,0,0,0,15.1
2021-03-14,30.1,16.6,23,30.3,16.6,23.5,0,0,0,12.3
2021-03-15,29.8,17.8,23.6,32.5,16.7,24.1,0,0,0,16.1
2021-03-16,30.3,17.3,24.2,32.7,18.3,25.5,0.3,0.3,2,7.4
2021-03-17,31.3,18.6,24.9,34.1,18.4,25.6,0,0,0,11.9
2021-03-18,30.5,18.7,24.8,32.1,18.7,25,0,0,0,11.2
2021-03-19,31.7,18.6,25.3,32.8,18.2,25.3,0,0,0,12.6
2021-03-20,32.2,19.2,26,33.1,19.3,26.6,0,0,0,9
2021-03-21,29.8,21.2,25.1,30.8,20.9,25.4,2.1,2.1,2,19.8
2021-03-22,26.1,17.9,21.2,26.7,18.2,21.3,18.6,18.6,9,22.5
2021-03-23,25.7,16.2,20.4,27.6,17.3,21.4,11.8,11.8,3,14.5
2021-03-24,25.5,15.4,20,25.8,14.1,19.4,0,0,0,17.7
2021-03-25,27.8,14.8,21.6,30.4,14.7,22.4,0,0,0,8.7
2021-03-26,30.3,17.1,23.8,32.8,17.7,25.6,0,0,0,9.5
2021-03-27,31.9,18.5,25.4,35.8,19.8,27.7,0,0,0,7.6
2021-03-28,34.2,19.2,26.6,36.6,20.6,28.5,0,0,0,10.4
2021-03-29,35.2,19.8,27.4,39.3,21.7,29.7,0,0,0,12.4
2021-03-30,33.8,21.1,27.2,33.1,20.8,26.6,0,0,0,17.2
2021-03-31,33.1,15.9,24.7,33.6,15.3,24.2,0,0,0,11.6
2021-04-01,34.2,17.6,25.5,30.6,15.6,22.8,0,0,0,20.7
2021-04-02,32.4,16.5,24.8,32.7,13.2,22.9,0,0,0,10.7
2021-04-03,33.6,16,25.1,32.7,13.7,23.1,0,0,0,9.7
2021-04-04,34.5,16.7,25.9,33.6,14,23.8,0,0,0,13.9
2021-04-05,33.4,20.3,26.8,31.6,17.8,24.7,0,0,0,22.1
2021-04-06,31.3,17.7,23.9,30.9,18.6,23.1,4.3,4.3,10,20.8
2021-04-07,29.5,14.5,22.2,29.7,14.5,22.4,0,0,0,12.1
2021-04-08,31.6,15.9,23.9,32.2,14.8,23.6,0,0,0,10.2
2021-04-09,33.5,18.8,26.1,34,17.4,25.2,0,0,0,11.2
2021-04-10,34.7,18.7,27,35.3,16.5,25.9,0,0,0,10.8
2021-04-11,36.1,18.5,28,35.9,16.7,27,0,0,0,12.7
2021-04-12,35.4,21.1,28.4,35.9,19,27.6,0,0,0,16.7
2021-04-13,35.9,21.1,29,36.9,20.1,28.8,0,0,0,9.6
2021-04-14,36.7,22.7,29.6,38.4,22.1,29.8,1.7,1.7,1,16.8
2021-04-15,34.8,21.9,28.1,34.7,21.3,27.3,0,0,0,18.2
2021-04-16,26.8,20.6,24.1,25.8,18.9,23,0.9,0.9,3,25.7
2021-04-17,30.6,17.6,24.5,32.7,18.2,25.2,0,0,0,12
2021-04-18,33.9,19.9,27.4,36.8,20.1,28.5,0,0,0,10.7
2021-04-19,34.4,21.6,28.2,35.4,20.5,27.8,0,0,0,15.3
2021-04-20,26.4,19.6,22.9,26.6,20.7,23.5,4.3,4.3,15,16.6
2021-04-21,31,16.4,24.4,33.3,17.4,25.2,0,0,0,9.5
2021-04-22,34.7,21,27.5,35.9,19.6,27,0,0,0,15.6
2021-04-23,31.4,20,25.2,30.7,18,23.6,0,0,0,28
2021-04-24,33.4,15.9,25.8,33.5,14.7,25,0,0,0,7.7
2021-04-25,37.2,18.5,28.6,36.5,17.9,27.6,0,0,0,12.7
2021-04-26,38.7,21.9,30.8,39.4,20.9,30.6,0,0,0,10.2
2021-04-27,40.7,22.4,32,41.4,22.5,32.2,0,0,0,10.7
2021-04-28,40.2,22.6,31.9,41.8,21.7,31.6,0,0,0,11.8
2021-04-29,40.7,25.1,32.9,40.5,22.9,31.3,0.2,0.2,1,13.9
2021-04-30,38.9,25.1,31.5,39.4,24.7,31.1,0.9,0.9,1,13.8
2021-05-01,39.3,23.6,32,41,23.5,32,0,0,0,9.2
2021-05-02,38.4,23.7,31.2,40.7,24,31.3,2.3,2.3,1,17.2
2021-05-03,38.4,23.7,31.4,39.4,24.7,31.7,0,0,0,12.9
2021-05-04,37.7,24.5,31.5,38.1,23.7,31,1.5,1.5,1,15.5
2021-05-05,36.2,25.5,30.9,38.5,25.1,31.5,0,0,0,20.9
2021-05-06,35.3,24.8,30,38.5,23.1,30.9,1.8,1.8,3,22.5
2021-05-07,36.2,24.2,30.5,38.4,25.1,31.5,0,0,0,8.7
2021-05-08,38,23.5,31.2,39.5,23.3,31.5,0,0,0,9.8
2021-05-09,39.9,23.8,32.5,41.1,24.2,32.6,0,0,0,12.5
2021-05-10,40.3,25,32.5,41.2,24.7,32.4,0.9,0.9,1,9.4
2021-05-11,37.9,24.2,32,40.4,23.9,32.4,0,0,0,15.9
2021-05-12,38.6,25.7,31.8,40.9,26.5,32.4,0.2,0.2,1,13.5
2021-05-13,36.1,25.2,31.2,38.5,25.6,32.2,0,0,0,14.8
2021-05-14,37.1,24.8,31.2,38.9,25.3,32,0.5,0.5,1,13.2
2021-05-15,36.8,25.6,31.1,39.6,25.8,32.2,2.3,2.3,1,10.4
2021-05-16,37.4,25.4,31.8,39.4,25.4,32.4,0,0,0,12
2021-05-17,38.3,25.7,32.3,40.1,24.3,32.1,0,0,0,18
2021-05-18,39.1,25.7,32.2,40.3,25.4,32,0,0,0,14.8
2021-05-19,37,24.6,31.2,39.3,24.9,31.7,0,0,0,18.8
2021-05-20,38.8,25.2,32.1,40.9,24.8,32.4,0,0,0,20.5
2021-05-21,39.3,26.7,33.4,40.3,26.9,33.2,0.2,0.2,1,15.3
2021-05-22,39.5,24.1,32.2,39.4,24.4,32,0,0,0,19.1
2021-05-23,35.8,24.5,30.1,37.6,24.4,30.5,0,0,0,13.6
2021-05-24,37.3,23.7,31.3,40.1,25.4,33,0,0,0,11.8
2021-05-25,39.1,25.5,32.8,42.3,26.5,34.4,0,0,0,10.5
2021-05-26,40.9,27.4,34.2,43.3,28.8,35.4,0,0,0,8.7
2021-05-27,43.4,27.9,36,44.8,27.6,36,0,0,0,14
2021-05-28,44.1,28.8,36.7,45.5,28.6,37.2,0,0,0,13.3
2021-05-29,43.2,29.2,36.6,45.5,31.2,38.4,0,0,0,13.3
2021-05-30,42.5,29.8,35.9,46,29.7,37.2,0.3,0.3,1,16.2
2021-05-31,42.6,28.9,35.6,45.2,30,36.4,1.3,1.3,2,21.9
2021-06-01,37.9,28.1,33.1,42.4,28.8,35.7,0,0,0,22.8
2021-06-02,37.8,28,33.3,41.6,30.9,36.1,0,0,0,15.5
2021-06-03,39,27.3,33.5,42.7,30.8,36.2,0,0,0,13.7
2021-06-04,38.8,27.4,33.4,43.2,29.1,36.1,0,0,0,10.9
2021-06-05,40,28.3,34.4,44.4,30.1,36.8,0,0,0,15
2021-06-06,41.2,29.4,35.5,44.2,31.7,37.5,0,0,0,14.3
2021-06-07,42.5,30,36.3,43.2,30.1,36.7,0,0,0,22.8
2021-06-08,42.4,31.2,36.3,45.3,31.6,37.9,0,0,0,22.1
2021-06-09,42.5,31.2,36.4,45.4,32.5,38.8,0,0,0,21.5
2021-06-10,41.9,31.6,36.3,45.8,33.3,39.2,0,0,0,23.8
2021-06-11,41.1,31.4,36.1,45.4,33,39.1,0,0,0,22.4
2021-06-12,42.2,31.8,37,48.4,35.4,41.4,0,0,0,11.6
2021-06-13,40.9,32,36.2,45.7,35.6,40.5,0.3,0.3,1,16.2
2021-06-14,37.6,27.8,33.7,41.7,31,37.4,1.4,1.4,2,16.9
2021-06-15,37.7,29.2,32.3,43.2,32.7,36.3,2.9,2.9,3,15.5
2021-06-16,36.3,25.4,31.1,40.1,30.7,35.2,0,0,0,12.2
2021-06-17,36.4,26.9,31.9,39.6,30.1,34.9,0,0,0,10.6
2021-06-18,38.4,27.2,33.1,41.6,30.9,36,0,0,0,11.3
2021-06-19,39.9,27.9,34.4,43.3,31,37.1,0,0,0,10.9
2021-06-20,40.1,28.8,34.2,43.8,31.7,36.9,0.1,0.1,1,11.8
2021-06-21,38.3,27.7,33.4,42.1,29.2,36,0,0,0,11.5
2021-06-22,39.9,27.6,34.2,43.9,31.2,37.3,0,0,0,8.9
2021-06-23,41.7,28.5,35.1,44.9,30.3,37.4,0.1,0.1,1,12.7
2021-06-24,41,28.9,34.8,44.3,31.8,37.6,0.1,0.1,1,13
2021-06-25,40.4,29.1,34.6,44,31.1,37.7,0,0,0,16.3
2021-06-26,38.7,28.9,33.9,43,32.2,37.4,1.7,1.7,2,12.7
2021-06-27,38.7,28.4,33.9,45,32.5,38.2,0,0,0,12.8
2021-06-28,40.4,28.9,35,44.8,34.1,39.1,0,0,0,9.4
2021-06-29,43.2,30,36.5,45.5,32.4,38.4,0,0,0,17.7
2021-06-30,42.7,31.6,36.7,45,32.2,37.8,0,0,0,22.4
2021-07-01,41,30.8,35.6,44.2,31.9,37.8,0,0,0,23.7
2021-07-02,39.7,30.4,34.7,43.2,32.7,37.6,0,0,0,22.4
2021-07-03,39.2,30.4,34.3,43.7,32.9,37.9,0.4,0.4,1,19
2021-07-04,39.2,29.6,34.6,43.8,33.1,38.5,0,0,0,13.5
2021-07-05,39.1,29.7,34.7,42.9,33.9,38.4,0,0,0,10.5
2021-07-06,40.4,29.3,35.2,45.2,33.2,38.9,0,0,0,12.1
2021-07-07,41.9,31.4,36.6,45.8,34,39.8,0,0,0,17.8
2021-07-08,41,32.2,36.2,44.1,33.8,39,0,0,0,22.1
2021-07-09,40.2,31.4,35.6,44.1,33.4,38.8,0,0,0,18
2021-07-10,40.7,30.9,35.8,45,33.8,39.5,0,0,0,14.1
2021-07-11,42.3,31.3,37,46.6,34.6,40.6,0,0,0,16.5
2021-07-12,41.5,32.5,36.4,46.2,36.5,40.3,0,0,0,18
2021-07-13,36,27.5,32,42.6,33.5,37.9,8.1,8.1,7,11.4
2021-07-14,34.8,29.1,32.2,42.2,35.8,38.6,1.9,1.9,5,10.5
2021-07-15,37.2,28.7,32.9,44,34.9,38.9,0.9,0.9,2,10.5
2021-07-16,38.8,30.1,34.4,44.2,35.6,39.8,0,0,0,10.7
2021-07-17,40.7,30.2,35.8,47.2,37.1,41.5,0,0,0,15
2021-07-18,41.9,32.5,36.9,44.5,36,39.8,0,0,0,23.2
2021-07-19,39.1,32.1,35.6,43.9,35.3,39.4,0,0,0,23.7
2021-07-20,36.6,31,33.8,41.5,36.6,38.8,0.3,0.3,2,16.5
2021-07-21,35,28.4,31.8,41.3,33.7,37.4,0.7,0.7,3,14.8
2021-07-22,37.4,28.8,33.2,44.2,34.2,38.9,0,0,0,8.4
2021-07-23,39.1,29.5,34.5,44.2,35.6,39.8,0,0,0,8.6
2021-07-24,39.6,29.9,35,44.7,34.5,39.4,0.5,0.5,1,11
2021-07-25,40.6,31.3,36,46.7,36.9,41.4,0,0,0,10.6
2021-07-26,41.1,32.6,37,47.2,36.8,42,0.6,0.6,2,13.1
2021-07-27,39.9,32.2,35.4,42.5,34.6,37.7,0,0,0,25
2021-07-28,37.8,29.8,33.5,41.3,32.7,36.6,0,0,0,22.4
2021-07-29,36,30.2,33.3,41.3,33.8,37.6,1.2,1.2,3,13.2
2021-07-30,37.2,30.3,33.7,43.6,34.5,38.9,0.3,0.3,2,15.5
2021-07-31,36,28.9,32.6,43,35.3,39.1,8,8,8,9.5
2021-08-01,36.8,29.8,33.6,43.5,35.8,39.6,0,0,0,11.5
2021-08-02,38.6,29.6,34.1,44.7,34.4,39.6,0,0,0,12.3
2021-08-03,39.1,30.2,34.6,45,35.8,39.9,0,0,0,12.2
2021-08-04,38.3,30.9,34.7,44.6,34.9,39.9,0,0,0,12.9
2021-08-05,39.5,30.8,35.2,46,35.9,40.5,0,0,0,9.2
2021-08-06,40.1,30.9,35,44.7,34.6,39.3,0.2,0.2,1,14.2
2021-08-07,39.9,29.7,35,44.3,34,39.1,0,0,0,10.5
2021-08-08,40.1,30,35.2,44.5,34.8,39.2,0,0,0,14.3
2021-08-09,39.6,30.4,34.7,44.1,33,38.1,0,0,0,14.8
2021-08-10,38.1,30.1,33.8,41.7,32,36.5,0,0,0,19.6
2021-08-11,37.8,29.5,33.2,40.9,30.6,35.6,0,0,0,19.4
2021-08-12,37.8,29.2,33,41.1,31.1,35.6,0,0,0,19.6
2021-08-13,38,29.2,33,41.1,30.6,35.4,0,0,0,22.4
2021-08-14,37,28.6,32.5,40.7,29.9,35.2,0,0,0,20.7
2021-08-15,36.7,28.6,32.2,41.3,30.9,35.9,0,0,0,18.2
2021-08-16,37.3,29.5,33.3,42.6,34.2,37.8,0,0,0,9.9
2021-08-17,38.8,28.7,33.9,41.9,33.5,37.4,0,0,0,12
2021-08-18,39,28.6,33.9,43.2,32,37.5,0,0,0,13.4
2021-08-19,39.9,29.3,34.5,44,32.4,38.1,0,0,0,12.6
2021-08-20,39.8,29.7,34.6,44.6,33.4,38.6,0,0,0,10.8
2021-08-21,38.5,29.6,33.9,43.6,33.5,38.3,0,0,0,15.2
2021-08-22,37.6,27.6,32.5,42.2,32.3,36.8,0,0,0,14.3
2021-08-23,37.9,27.7,33,43,32.7,37.6,0,0,0,9.7
2021-08-24,40.1,29.9,34.6,43.6,33.1,37.7,0,0,0,17
2021-08-25,37.9,28.4,33.1,42.2,29.6,35.8,0,0,0,21.1
2021-08-26,37.4,28.2,32.6,40.8,29.6,35.1,0,0,0,20
2021-08-27,37.4,28,32.3,41.1,29.6,35,0,0,0,19.9
2021-08-28,37,28,32.2,40,29.5,34.8,0,0,0,17.9
2021-08-29,37.8,26.6,32.5,40.5,29.1,35.1,0,0,0,14.4
2021-08-30,38.9,28.3,33.3,43,32.4,37.1,0.9,0.9,2,9
2021-08-31,35.6,28.5,32,41.3,32.8,36,1.4,1.4,1,20.1
2021-09-01,36.4,27.8,31.9,40.7,31,35.6,0,0,0,11.7
2021-09-02,36.7,27.1,31.9,40.7,31.7,36.1,0,0,0,8.7
2021-09-03,36.3,27.1,31.9,41.3,32.1,36.1,0,0,0,11.5
2021-09-04,37.3,27.2,31.9,41,31.8,35.9,0,0,0,10.2
2021-09-05,37.8,27.4,32.7,42.5,30.9,36.5,0,0,0,10.1
2021-09-06,38.7,28.5,33.8,43.7,32.9,38.2,0,0,0,12.8
2021-09-07,39.2,29.7,34.5,44.2,34,38.8,0,0,0,12.3
2021-09-08,37.4,30,33.6,42.2,35.1,38,0,0,0,14.8
2021-09-09,34.2,26.8,30.6,39.8,31.7,35.6,5,5,9,13.7
2021-09-10,33.8,26,29.8,38.6,31.3,34.7,1.6,1.6,5,13.9
2021-09-11,33.8,27.2,29.7,36.9,32,34,0.7,0.7,2,18.6
2021-09-12,33.7,26.2,29.5,36.7,30.5,33.3,0.4,0.4,3,19.5
2021-09-13,35.4,25.2,30.2,39.1,30.1,34.7,0,0,0,11.3
2021-09-14,36.1,26.8,31.3,40.7,32.2,35.9,0,0,0,11.2
2021-09-15,36.3,26.8,31.8,41.3,32.1,36.5,0,0,0,10.1
2021-09-16,38.3,28.3,33.1,40.5,31.3,35.7,0,0,0,21
2021-09-17,39.2,29.3,34,42.3,30.7,36.4,0,0,0,18.9
2021-09-18,38.5,29.4,33.8,41.6,31.4,36.1,0,0,0,17.4
2021-09-19,38.1,29.4,33.4,41.7,32.2,36.3,0,0,0,15.1
2021-09-20,38.1,29,33.2,42.7,33.1,37.2,0.2,0.2,1,11.5
2021-09-21,37.8,29.2,32.1,42.5,34.3,36.8,2,2,4,17.2
2021-09-22,34.5,26.5,29.2,39.6,31.7,34.2,3.3,3.3,4,14.2
2021-09-23,34.6,25.9,29.3,39.7,31,34,0.6,0.6,2,12.1
2021-09-24,34,25.7,29.4,37.3,30.3,33.4,0.4,0.4,3,14.3
2021-09-25,35.2,25.2,30.2,38.9,29.7,33.8,0,0,0,10.2
2021-09-26,36.1,26.2,31,39.3,30.5,34.5,0,0,0,10.2
2021-09-27,36.2,26.2,31.2,40.3,30.4,35.2,0.4,0.4,1,10
2021-09-28,35.8,27,31.6,40.6,31.9,36.3,0,0,0,7.9
2021-09-29,36.7,27.7,32.1,41,32.4,36.2,0,0,0,11.2
2021-09-30,37.3,27.9,32.4,42.1,32.2,36.5,0,0,0,10.6
2021-10-01,38.2,28.3,32.4,42.5,32.3,36.4,1.9,1.9,3,13.8
2021-10-02,37.6,28.6,32.8,40,32.4,35.6,0.1,0.1,1,16.8
2021-10-03,37.6,28.3,32.6,41.4,31.1,35.4,0,0,0,15.6
2021-10-04,36.9,27.8,31.7,41.5,31.5,35.6,0.5,0.5,1,9.3
2021-10-05,36.1,26.9,31.2,39.5,30.9,34.8,0.2,0.2,1,11.9
2021-10-06,36.4,25.3,30.9,38.9,29.3,33.8,0,0,0,8.3
2021-10-07,37.7,25,31.2,39.8,26.4,32.7,0,0,0,13
2021-10-08,38.3,25.5,31.5,39.9,27.2,32.9,0,0,0,12.4
2021-10-09,37.4,24.8,31,40.1,26.5,32.8,0,0,0,9
2021-10-10,38.2,25.5,31,38,26.6,31.5,0,0,0,12.3
2021-10-11,34.7,23.1,28.6,34.3,23.5,28.4,0,0,0,26.4
2021-10-12,35.6,23.4,28.9,34,22.4,27.5,0,0,0,14.7
2021-10-13,35.2,20.8,27.7,35.1,19,26.7,0,0,0,9.6
2021-10-14,35.6,20.2,27.4,35.7,19.8,27.1,0,0,0,9.4
2021-10-15,35.8,19.9,27.4,34.5,18.2,26,0,0,0,9.6
2021-10-16,34.2,19,26.2,33.6,17.9,25.6,0,0,0,8.5
2021-10-17,34.3,20.6,27,33.9,20.8,26.6,0,0,0,8.3
2021-10-18,32.8,19.4,25.8,32.7,19,25.7,0,0,0,11.3
2021-10-19,34.1,19.8,26.5,34.7,20.8,27,0,0,0,9.4
2021-10-20,34.2,17.1,25.6,33.9,16.1,24.9,0,0,0,9.2
2021-10-21,34.3,18.6,26,33.1,17.3,24.5,0,0,0,16.2
2021-10-22,33.2,21.9,27.2,32.8,20.8,26.1,0,0,0,23.7
2021-10-23,30.6,20.5,25.3,30.4,19.3,25,0,0,0,21.6
2021-10-24,27.4,18.7,22.6,25.3,18.6,22.1,0,0,0,22.1
2021-10-25,27.8,17.6,22.2,26.6,16.9,21.4,0,0,0,14.8
2021-10-26,29.7,15.9,22.8,28.7,14.4,21.9,0,0,0,14.1
2021-10-27,30.2,17.2,24.1,31.5,17.3,24.2,0,0,0,8.7
2021-10-28,31.1,17.3,24.3,30.6,17.6,23.9,0,0,0,11.3
2021-10-29,31.9,17.3,24.5,31.3,16.8,23.9,0,0,0,9.7
2021-10-30,31.6,17.5,24.8,31.9,17.6,24.9,0,0,0,9.7
2021-10-31,32.3,16.1,24.2,31.5,16.3,23.5,0,0,0,9.8
2021-11-01,31,14.7,23.1,28.9,13.8,21.5,0,0,0,15.2
2021-11-02,30.7,19.3,24.1,27.8,17.3,22.1,0,0,0,19.6
2021-11-03,29.4,16.4,22.7,27.7,15,21.3,0,0,0,11.1
2021-11-04,29.6,15,22.8,28,14,21.6,0,0,0,11.3
2021-11-05,29.4,17.5,22.9,28.3,15,21.3,0,0,0,14.2
2021-11-06,28.7,16.9,22.3,28.1,15.6,21.6,0,0,0,12.1
2021-11-07,29.3,15.8,22.5,29.6,15.4,22.5,0,0,0,9.5
2021-11-08,29.8,16.3,23.3,31.2,17.1,24.2,0,0,0,8.9
2021-11-09,30.7,16.3,23.2,31.4,16.8,23.7,0,0,0,9.9
2021-11-10,30.1,16.3,22.6,29,15.6,22.2,0,0,0,10.6
2021-11-11,29.7,14.7,22.3,29.6,14.2,22.1,0,0,0,7.9
2021-11-12,29.4,16.6,22.7,29.6,16.5,22.6,0,0,0,10.1
2021-11-13,29.1,13.7,21.4,28.4,13.1,20.5,0,0,0,10.3
2021-11-14,29.3,14.8,21.1,26,12.8,19,0,0,0,16.9
2021-11-15,28.1,13.7,20.3,26.4,11.7,18.5,0,0,0,11.7
2021-11-16,27.3,14.9,20.4,26.3,14,19.3,0,0,0,9.7
2021-11-17,27,12.5,19.7,25.8,11.1,18.3,0,0,0,9.9
2021-11-18,26.1,13.2,19.5,25.4,12.2,18.7,0,0,0,7.6
2021-11-19,26,11.7,19.1,25.1,10.6,18.4,0,0,0,8.2
2021-11-20,26.2,14.1,19.7,26.2,13.7,19.3,0,0,0,6.5
2021-11-21,26.5,12,19.5,25.8,11.1,18.9,0,0,0,10.2
2021-11-22,27,10.7,18.9,25.4,9.5,17.7,0,0,0,10.5
2021-11-23,27.3,11.5,18.7,25.1,9.9,17.1,0,0,0,9.8
2021-11-24,26.2,10.7,18.2,24.5,9.2,16.6,0,0,0,10.4
2021-11-25,26.9,13.4,19.3,24.4,12,17.8,0,0,0,16.9
2021-11-26,26.9,12.7,19.3,26.3,12.2,18.8,0,0,0,8.6
2021-11-27,26.5,12.7,19.3,26.4,12.3,18.9,0,0,0,9
2021-11-28,25.8,13.3,19.1,25.1,12.7,18.6,0,0,0,9.7
2021-11-29,25.3,12.6,18.8,25.2,12.2,18.5,0,0,0,8.8
2021-11-30,25.4,12.2,18.7,25.1,11.4,18.2,0,0,0,8.7
2021-12-01,25.1,13.8,19,25.3,13.4,18.8,0,0,0,9.4
2021-12-02,24.4,12.2,18.1,24.4,11.7,17.9,0,0,0,7.1
2021-12-03,24.1,12.8,18,23.9,12.7,17.5,0,0,0,8.8
2021-12-04,23.7,10.1,17.1,23,8.9,16.3,0,0,0,8.7
2021-12-05,23.9,10,16.8,23.2,8.4,15.6,0,0,0,9.5
2021-12-06,23.4,11.2,16.7,22.1,9.8,15.4,0,0,0,13.3
2021-12-07,23.3,10,16.9,22.4,8.5,15.9,0,0,0,8.8
2021-12-08,23.7,9.9,16.7,22.4,8.3,15.6,0,0,0,8.6
2021-12-09,23.8,11.2,16.8,22.7,10.2,15.8,0,0,0,9.7
2021-12-10,24.2,9.1,16.5,21.9,7.2,14.7,0,0,0,10.3
2021-12-11,23.9,8.7,15.9,21.3,6.9,13.8,0,0,0,12.6
2021-12-12,22.5,10,15.8,20.5,8.4,14.1,0,0,0,8.9
2021-12-13,21.7,8.8,15,20.3,7.2,13.5,0,0,0,6.8
2021-12-14,21.2,9.8,15,19.9,8.3,13.7,0,0,0,6.1
2021-12-15,20.5,7.3,13.7,19.3,5.4,12,0,0,0,7
2021-12-16,19.4,8.7,13.3,16.8,6.5,10.8,0,0,0,12
2021-12-17,19.9,5.6,12.8,16.9,3,10,0,0,0,9.9
2021-12-18,19.8,6.1,12.4,16.4,3,9.3,0,0,0,12.9
2021-12-19,20.3,5,12.2,17.2,2.5,9.4,0,0,0,9.9
2021-12-20,20.9,7.3,13.6,18.5,5.5,11.4,0,0,0,9.6
2021-12-21,21.1,6.7,14.1,19.6,4.4,12.3,0,0,0,9.4
2021-12-22,20.9,7.6,14.2,19.6,5.7,12.8,0,0,0,7.6
2021-12-23,21.3,9.6,15,19.5,8.3,13.7,0,0,0,11.7
2021-12-24,21.4,8.3,14.4,19.6,6.6,12.9,0,0,0,7.9
2021-12-25,20.5,7.4,14.2,19.7,5.2,12.9,0,0,0,9.2
2021-12-26,20.9,12.5,15.8,20.3,11.7,15.2,1,1,2,8
2021-12-27,19.5,11.6,14.9,18.3,10.9,14,0,0,0,9.3
2021-12-28,18.9,9,13.4,16.1,6.7,11.2,0,0,0,13.5
2021-12-29,20,5.5,12.9,17.9,3.2,10.8,0,0,0,7.5
2021-12-30,20.5,8.7,13.9,19.7,6.5,12.4,0,0,0,8.7
2021-12-31,20.2,6.9,14.1,18.3,4.8,12.5,0,0,0,6.6
2022-01-01,20.4,8.3,14.3,18.9,6.4,12.8,0,0,0,8.2
2022-01-02,20.9,7.2,13.7,17.8,5,11.3,0,0,0,9
2022-01-03,21,9,14.6,19,6.8,12.3,0,0,0,11.1
2022-01-04,19.7,11.5,15,18.4,9,13.3,1.4,1.4,7,14.6
2022-01-05,17.3,10.2,13.3,15.4,8.6,12.3,8.5,8.5,14,12.7
2022-01-06,15.8,9.1,12.4,13.7,6.8,10.4,0.2,0.2,2,14.6
2022-01-07,14.7,10.3,12.2,14,9.4,11.2,5.4,5.4,18,11.5
2022-01-08,16.2,8.9,12.2,14.3,7.6,10.7,0,0,0,10.8
2022-01-09,16.4,7.7,11.6,14.1,5.9,9.8,0,0,0,12.7
2022-01-10,18.6,6.4,12.3,17.1,4.8,10.8,0,0,0,8.7
2022-01-11,19.2,7.3,12.7,16.5,5.4,10.9,0,0,0,13.8
2022-01-12,19.7,5,12.5,17.9,2.7,10.6,0,0,0,8.2
2022-01-13,19.9,5.8,12.6,18.4,3.5,10.9,0,0,0,8.2
2022-01-14,19.8,6,12.5,17.7,4,10.7,0,0,0,8.7
2022-01-15,19.5,6.7,12.8,18.2,4.4,11.5,0,0,0,8.4
2022-01-16,18.3,7,12.9,17.4,5.4,11.8,0,0,0,8.5
2022-01-17,19.3,8.9,13.3,18.8,7.7,12.5,0,0,0,7.9
2022-01-18,19.8,8.8,13.7,19.3,7.6,13,0,0,0,8.3
2022-01-19,19.9,12.2,15.5,19.1,11.2,14.3,0.1,0.1,1,14.5
2022-01-20,19.4,9.6,13.8,19.6,8.7,13.3,0,0,0,8.7
2022-01-21,17,8.8,12.7,14.7,7.4,11.2,4.7,4.7,7,12.2
2022-01-22,14.4,9.6,11.9,11.4,8,9.7,2,2,10,21.6
2022-01-23,18.1,7.8,12.6,15.9,5.5,10.6,0,0,0,13
2022-01-24,18.6,6.5,12.5,17,4.1,10.8,0,0,0,9.5
2022-01-25,18.6,8.1,13,17.1,6.8,11.7,0,0,0,5.8
2022-01-26,19.3,5.6,12.2,17.9,3.4,10.2,0,0,0,8.8
2022-01-27,19.9,5.3,12.1,18.3,2.8,10.1,0,0,0,8.4
2022-01-28,20.8,5.8,13,18.9,3.5,11.1,0,0,0,10.1
2022-01-29,21.2,7.9,13.9,20.3,5.8,12.4,0,0,0,8.9
2022-01-30,21.7,7.4,14.3,20.9,5.4,12.9,0,0,0,9.4
2022-01-31,25,8.7,16,24.5,6.8,14.8,0,0,0,10.1
2022-02-01,23.2,9.6,15.9,21.4,8.2,14.4,0,0,0,9.4
2022-02-02,24.1,11.1,16.6,23,8.8,15.3,0.3,0.3,2,8.6
2022-02-03,20.9,10.5,15.1,18.6,8.2,13.3,0,0,0,15.2
2022-02-04,22.1,6.9,14,20.2,4.8,12,0,0,0,10.9
2022-02-05,20.7,8.4,14.2,19.1,6.6,12.4,0,0,0,11.3
2022-02-06,21.2,7.8,14.4,19.6,6,12.8,0,0,0,10.1
2022-02-07,22.1,9.1,15.1,20.6,7.5,13.6,0,0,0,14
2022-02-08,21.2,8.8,15,20.7,7.1,13.5,0.2,0.2,1,9.1
2022-02-09,22,8.5,15.3,21.6,6.7,13.9,0,0,0,9.3
2022-02-10,23.4,8.4,16.2,22.1,6.4,14.9,0,0,0,10.8
2022-02-11,23.9,8.3,15.9,23,6.1,14.3,0,0,0,10.8
2022-02-12,24.3,8.8,16.4,23.3,7,14.9,0,0,0,10.8
2022-02-13,24.7,8.5,16.7,24.9,7,15.9,0,0,0,8.8
2022-02-14,25,9.8,17.3,24.9,8.4,16.5,0,0,0,8.8
2022-02-15,25.1,10.4,17.9,25.6,9.3,17.2,0,0,0,9.2
2022-02-16,25,11.6,18.1,24.9,10.4,17.3,0,0,0,9.8
2022-02-17,25.2,11.7,18.2,25.2,10.8,17.3,0,0,0,9.3
2022-02-18,24.3,12.4,17.7,22.8,9.6,15.7,0,0,0,18.1
2022-02-19,25.8,10,17.9,24.7,8.7,16.9,0,0,0,10.9
2022-02-20,27.9,10.9,19.2,24,9.4,16.8,0,0,0,17.9
2022-02-21,27.9,11.1,19.4,26.3,9.1,17.3,0,0,0,12.8
2022-02-22,25.1,14.8,18.9,21.8,11.9,15.6,0,0,0,32.1
2022-02-23,24.8,10.5,17.8,23.6,9.4,16.5,0,0,0,12.4
2022-02-24,24.8,11.6,18.3,25.2,10.1,17.5,0,0,0,10.4
2022-02-25,25.2,12.3,18.1,26,11.6,17.3,1.2,1.2,2,21.8
2022-02-26,23.1,11.7,17,21.3,10.1,15.3,0.6,0.6,3,18.5
2022-02-27,22.9,10.8,16.7,21.9,9.9,15.6,0,0,0,10.5
2022-02-28,24.9,12.3,18.2,24.1,11.2,17.3,0,0,0,11.2
2022-03-01,26,12,19.4,27.1,11.1,19.1,0,0,0,8.7
2022-03-02,21.5,14.8,17,21,14.3,16.4,7.4,7.4,14,17
2022-03-03,23.8,11.7,17.9,23.6,11.5,17.7,0.2,0.2,2,9.5
2022-03-04,25.3,11.4,18.5,26.6,10.9,18.5,0,0,0,8
2022-03-05,27.1,13,20.1,26.9,12.8,20,0,0,0,14.2
2022-03-06,28.5,15.7,21.1,28.5,15.8,21.2,0,0,0,15.5
2022-03-07,27.5,15.1,20.7,27.1,13.9,19.8,0,0,0,24
2022-03-08,28,14.9,21.3,27.8,13.7,20.5,0,0,0,15.2
2022-03-09,29.2,14.8,22.2,30.6,14.7,22.2,0,0,0,10.7
2022-03-10,30.2,16.7,23.4,31.2,15.8,23.1,0,0,0,10.4
2022-03-11,31.9,16.5,24.5,32.5,16.9,24.9,0,0,0,9.1
2022-03-12,33.8,17.5,25.6,34,17.5,25.9,0,0,0,12.9
2022-03-13,34.2,18,26.3,36.8,18.6,27.6,0,0,0,9
2022-03-14,35.9,19.3,27.8,37.6,20.7,29.4,0,0,0,9.6
2022-03-15,36.7,19.7,28.4,39,21.9,30.2,0,0,0,8.8
2022-03-16,37.5,21.5,29,39.8,22.5,30.6,0,0,0,10.2
2022-03-17,37.9,22.1,29.5,40.9,23.7,31.7,0,0,0,10
2022-03-18,38.3,20.9,29.3,38.9,21.8,30.1,0,0,0,11.1
2022-03-19,35.3,22.2,28.1,36.4,22.2,29.1,0,0,0,22.3
2022-03-20,36.5,23.1,29.5,37.8,23.8,30.2,0,0,0,16.6
2022-03-21,35.8,21.4,28.4,37.7,21.1,28.8,0,0,0,9
2022-03-22,36,19.3,27.9,36.1,19.1,28,0,0,0,9.4
2022-03-23,33.4,21.3,27.1,32.8,19.1,25.9,0,0,0,13
2022-03-24,34.9,17.8,26.8,35,16.8,26.3,0,0,0,9.4
2022-03-25,35.1,19.1,27.4,36.5,18.8,27.6,0,0,0,8.9
2022-03-26,36.6,19.1,27.6,35.8,18.6,26.8,0,0,0,12.3
2022-03-27,38.1,21.3,29.2,37.9,19.1,27.5,0,0,0,13
2022-03-28,38.2,21.2,29.7,37.7,19.6,28.3,0,0,0,13.3
2022-03-29,38.5,19.3,28.9,38.8,18.3,28.4,0,0,0,10.2
2022-03-30,37.7,20.1,28.9,35,19.8,26.8,0,0,0,21.8
2022-03-31,37.5,19.6,28.4,36.6,16.8,26.5,0,0,0,10.8
2022-04-01,38.2,19.3,28.8,36.8,17.1,26.9,0,0,0,12.7
2022-04-02,38.4,19.2,28.9,37,16.7,27.1,0,0,0,12.6
2022-04-03,37.6,19.4,28.7,36.8,17.1,26.8,0,0,0,16.7
2022-04-04,37.7,21.3,29.2,37.9,18.2,27.6,0,0,0,11.8
2022-04-05,38.5,20.7,29.5,38.2,19.1,28.5,0,0,0,10.1
2022-04-06,39.4,20.3,30.2,39.1,19.5,29.4,0,0,0,11.2
2022-04-07,40.4,21.9,31.1,40.9,19.8,30.2,0,0,0,10
2022-04-08,41.5,22.8,32.3,41.5,21.2,31.2,0,0,0,10.9
2022-04-09,42.8,25.2,33.2,41,22.8,31.3,0,0,0,13
2022-04-10,42.2,22.2,32.6,42.1,21.6,31.9,0,0,0,10.5
2022-04-11,42.7,24.5,33.6,41.4,23,31.9,0,0,0,12.6
2022-04-12,40.5,25.6,33.1,40.7,23.7,31.5,0,0,0,12.3
2022-04-13,38.4,24.5,31.4,39,23.9,30.2,0,0,0,19.6
2022-04-14,39.4,22.6,31.3,38.1,21.6,29.3,0,0,0,16.4
2022-04-15,39.2,23.1,31.5,39.1,21.7,29.8,0,0,0,14.1
2022-04-16,40.1,21.2,31.6,39.3,18.5,29.5,0,0,0,10.4
2022-04-17,41.2,23.4,32.6,41.1,21.2,30.9,0,0,0,11.2
2022-04-18,38.7,24.1,32.7,38.6,22.6,31.3,0,0,0,15.8
2022-04-19,39.1,25.8,32.9,40.8,25.2,32.2,0,0,0,12.9
2022-04-20,39.1,25.2,31.9,40.4,24.1,31.3,0.7,0.7,2,13.5
2022-04-21,38.6,22.8,31.9,39,22.2,30.7,0,0,0,10.9
2022-04-22,35.2,22.6,29.2,36.1,20.1,28.2,0,0,0,19.2
2022-04-23,37.3,22.3,30.4,38.8,21.5,30,0,0,0,10.8
2022-04-24,39.2,24.9,32,39.5,24.3,31.6,0,0,0,10.5
2022-04-25,39.8,23.8,32,40.8,22.6,31.2,0,0,0,11.8
2022-04-26,41.9,22.4,33.1,41.5,21.1,31.6,0,0,0,10
2022-04-27,43.2,24,34.4,42,22.4,32.5,0,0,0,12.5
2022-04-28,44.2,26.8,35.5,42.6,24.3,33.3,0,0,0,15.6
2022-04-29,42.7,26.8,35,43.4,24,33.4,0,0,0,12.5
2022-04-30,43.3,26.3,35.5,44,25.1,34.9,0,0,0,9.7
2022-05-01,44.1,27.3,35.8,44.3,26.1,35.1,0,0,0,10.6
2022-05-02,44,27.1,35.6,43.9,25.8,34.2,0,0,0,18
2022-05-03,38.3,27.7,33.3,38.3,25.7,32,0,0,0,19.6
2022-05-04,38.6,27.1,33.1,39.9,25.3,32.8,0,0,0,16.9
2022-05-05,38.4,26.2,32.1,41.5,26.3,33.2,1,1,1,17.8
2022-05-06,39.9,25.7,32.9,41.5,25.7,33.1,0,0,0,9.4
2022-05-07,41.7,25.8,34.2,42.5,25.9,34.1,0,0,0,10.5
2022-05-08,43.8,27.3,35.5,43.9,26,35,0,0,0,12.6
2022-05-09,43.9,25.5,35.4,44.1,25.4,35,0,0,0,12
2022-05-10,43.3,26.5,35.4,44.7,26,35.3,0,0,0,11.1
2022-05-11,43.5,27.6,36,45.1,27.6,36,0,0,0,12.7
2022-05-12,45,29.1,37.2,43.3,28.6,35.6,0,0,0,15
2022-05-13,44.6,25.5,35.9,43.1,24.4,34.3,0,0,0,17
2022-05-14,46.7,26.9,37.3,44,25.3,34.8,0,0,0,19.6
2022-05-15,46.4,30.7,38.2,46.6,28,35.8,0,0,0,16
2022-05-16,43,29.9,36.2,43.7,28.8,35.1,0,0,0,20.2
2022-05-17,43.2,29.1,36.2,43.8,28.1,35.5,0,0,0,14.2
2022-05-18,42.9,28.2,35.9,43.3,26.7,35.1,0,0,0,10.1
2022-05-19,44.5,29.9,37.4,44.8,28.1,36.3,0,0,0,17.7
2022-05-20,42.1,29.1,36.2,42.2,27.5,34.9,0,0,0,23.1
2022-05-21,41.5,28.2,35.2,40.8,27.2,33.8,0,0,0,16.9
2022-05-22,42.9,26.4,35.6,42.3,25.3,34.1,0,0,0,14.8
2022-05-23,39.3,26.5,32.8,40.3,24.4,31.4,0.7,0.7,1,23.4
2022-05-24,37.4,24.1,31.2,38.6,25.4,31.6,0,0,0,17.1
2022-05-25,38.9,25.5,32.4,40.1,26.6,33,0,0,0,16.1
2022-05-26,41.9,28,35.2,43.5,27.4,35.2,0,0,0,15.6
2022-05-27,43.5,30.2,36.8,45.2,30.5,37.5,0,0,0,21.6
2022-05-28,43.2,29.5,36.8,44,30,36.9,0,0,0,20.9
2022-05-29,42.4,28.9,36.1,44.3,28.4,36,0,0,0,10.9
2022-05-30,40.7,28.8,35.5,43.1,29.2,35.2,0,0,0,17.7
2022-05-31,42.4,27.2,35.4,42.4,28.2,35,0,0,0,17.1
2022-06-01,41.8,27.3,35,42.4,26.6,34.4,0,0,0,11.5
2022-06-02,43.2,26.4,35.6,44,26.2,35.1,0,0,0,8.1
2022-06-03,44.2,25.7,35.9,42.6,24.6,33.8,0,0,0,12.4
2022-06-04,44.5,27,36.2,42.8,24.2,33.7,0,0,0,17.5
2022-06-05,44.2,27.1,36.2,43.5,26.5,35.1,0,0,0,15.6
2022-06-06,44.6,27.9,37.2,44.2,28.4,36.6,0,0,0,11.3
2022-06-07,45,30,37.7,45,28.1,36,0,0,0,16.8
2022-06-08,44.2,30.1,36.9,44.7,27.7,36,0,0,0,17.7
2022-06-09,43.6,30.1,36.7,44,27.9,36.2,0,0,0,20.4
2022-06-10,42.3,30.2,36.3,44.7,31.5,38.1,0,0,0,21.7
2022-06-11,41.9,31.1,36.4,44.3,32.4,37.9,0.1,0.1,1,18.8
2022-06-12,42,31.5,36.5,43.5,32.8,37.9,0.1,0.1,1,18.3
2022-06-13,42.7,32.1,37.3,45,33.4,39,0.6,0.6,5,13.8
2022-06-14,43.5,30.4,37,44.4,32.2,37.8,0,0,0,23
2022-06-15,44,32.8,38.2,44.1,33,38.1,0,0,0,25
2022-06-16,42.1,32.7,37.4,43.4,33.5,38.2,0,0,0,26.7
2022-06-17,39.8,31.6,35.8,43.4,33,38.3,0.1,0.1,1,20.5
2022-06-18,35.7,27.6,31.9,39.9,31.7,35.9,3.1,3.1,5,18.4
2022-06-19,34.1,25,30.1,39.8,28.3,34.2,6.2,6.2,9,14.7
2022-06-20,33.9,25.6,28.9,39.4,30.1,33.1,10.6,10.6,10,22.4
2022-06-21,27.2,22.8,24.6,29.6,25.7,27.3,49.1,49.1,12,15.7
2022-06-22,31.4,22.1,26.8,32.7,24.3,28.6,0,0,0,16.3
2022-06-23,34.4,24,29.3,38.2,25.5,32,0,0,0,14.8
2022-06-24,38.1,25.2,31.6,43.9,28.4,35.6,0,0,0,8.9
2022-06-25,39.2,26,32.7,43.3,29.5,35.9,0,0,0,12.9
2022-06-26,40.1,24.7,33,41.9,26.6,34.7,0,0,0,10.5
2022-06-27,41.1,26.8,34.2,45.4,28.6,37.3,0,0,0,10.9
2022-06-28,42.4,28.2,35.7,47.1,31.7,39.4,0,0,0,11.2
2022-06-29,42.4,33,37.2,45.6,33.7,39.1,0,0,0,24.5
2022-06-30,40.4,32,36.2,45.1,33.8,39.2,0,0,0,24.4
2022-07-01,38.9,31.1,34.7,43.8,34.2,39,0.6,0.6,1,16.4
2022-07-02,36.6,29,33.1,42.6,34.6,38.4,0.3,0.3,3,12.1
2022-07-03,37.3,31.1,34.2,43.3,35.7,39.2,0,0,0,10.5
2022-07-04,37.8,30.4,33.9,43.2,35.9,39.3,0.4,0.4,4,10
2022-07-05,39.5,31.5,35.7,44.7,37.7,41.1,0,0,0,10.4
2022-07-06,39.4,30.3,34.3,43.9,35.1,38.9,1.7,1.7,4,16.7
2022-07-07,36.8,28,32.5,43.1,34.2,38.9,9.3,9.3,10,11.7
2022-07-08,38.5,30.7,35.2,45.7,38.7,42.1,0,0,0,7.7
2022-07-09,40.5,31.6,35.8,46.1,37.1,41,1.5,1.5,2,14.2
2022-07-10,36.2,27.9,31.4,41.8,34.1,37.1,3.7,3.7,6,13
2022-07-11,37.6,29,33.2,44,34.7,38.9,0.5,0.5,4,9.4
2022-07-12,39.2,30.4,34.9,45.8,36.3,40.4,0,0,0,11.2
2022-07-13,40.5,31.9,35.5,45.1,36.3,39.9,1.8,1.8,1,16.9
2022-07-14,36.3,28.6,31,42.9,34.5,37,8.8,8.8,11,12.2
2022-07-15,31.7,25.5,28.3,35.7,30,33,13.2,13.2,14,19.1
2022-07-16,34.2,26.7,30,38.2,31.1,34.6,9,9,7,15.1
2022-07-17,32.1,26.5,28.6,38.1,31.5,34.2,38.8,38.8,16,16
2022-07-18,34,26.3,30.2,41.4,32.5,36.5,9,9,12,8.8
2022-07-19,36.9,28.6,32.7,43.8,35.5,39.1,0.1,0.1,1,14.5
2022-07-20,37,29.9,33.2,42.1,34,37.7,0,0,0,22.3
2022-07-21,33.7,29.1,31.6,38.9,32.9,36.3,0,0,0,20
2022-07-22,32.9,27.1,29,39.7,33.3,35.5,40,40,19,10.2
2022-07-23,32.3,26.7,28.6,38.5,32.7,35,24.4,24.4,20,14.7
2022-07-24,31.7,26.2,28.1,38.4,31.7,34.1,39.3,39.3,24,16.3
2022-07-25,31.3,25.9,27.9,37,30.9,33.8,14.2,14.2,22,13.4
2022-07-26,34.1,26.3,29.7,41,31.8,35.9,4,4,16,14.6
2022-07-27,34.3,28,30.7,41.3,34.4,37.7,4.3,4.3,11,10.4
2022-07-28,34,28.2,30,42,34.9,37,9.6,9.6,10,7.2
2022-07-29,32.5,26.8,29.3,40.6,33.4,35.5,3.2,3.2,9,14.6
2022-07-30,34,27.1,30.3,41.1,32.8,36.4,0.6,0.6,4,10.5
2022-07-31,33.9,27.8,30.6,41.7,33,36.7,3,3,9,12.3
2022-08-01,33.5,27.5,29.7,39.7,33.7,36.1,7.5,7.5,12,8.9
2022-08-02,34.4,27.2,30.9,40.3,34.1,37.2,0.3,0.3,2,10.2
2022-08-03,35.2,28.3,31.6,42.7,33.8,38.2,0.5,0.5,4,8.3
2022-08-04,36.2,28,32.3,44.3,34.4,39,0,0,0,7.9
2022-08-05,35.1,28.7,31.9,41.2,34.7,38,0.1,0.1,1,9.4
2022-08-06,33,28,30.2,38.3,35.1,36.4,2.4,2.4,6,8.4
2022-08-07,34.9,28.1,31.4,42.9,34.8,38.4,0.6,0.6,6,9.7
2022-08-08,35.5,28.2,32,41.3,34.7,38.2,0.1,0.1,1,10.6
2022-08-09,36.5,28.7,32.6,44,35.6,39.1,0.2,0.2,2,9
2022-08-10,36.5,29.2,32.9,42.6,35.8,39,0.3,0.3,3,7.6
2022-08-11,37.1,29.6,33.1,41.5,35.5,37.9,0,0,0,18.8
2022-08-12,36.4,28.6,32.2,39.5,31.8,35.5,0.1,0.1,1,16.3
2022-08-13,36.4,28.6,32.2,41,33.2,36.8,0,0,0,10.9
2022-08-14,33.4,28.6,30.2,39.5,34,35.9,11.4,11.4,10,12.8
2022-08-15,35.3,26.9,31,40.1,33,36.2,0,0,0,10.4
2022-08-16,34.8,27.2,30.1,40.3,32.9,35.8,2.5,2.5,6,13.8
2022-08-17,30.6,25.4,28.4,34.8,29.2,32.1,18.7,18.7,14,21
2022-08-18,30,25.6,27.9,34,29.3,32,2,2,9,18.8
2022-08-19,32.5,25.1,28.6,36,29.6,32.8,0.1,0.1,1,14
2022-08-20,32.3,25.4,28.6,35.8,30.2,32.7,0.2,0.2,2,16.8
2022-08-21,33.2,25.7,29,38.9,31.3,34.4,0.2,0.2,2,9.5
2022-08-22,34.3,25.9,30,41.3,31.9,36,0.1,0.1,1,6.5
2022-08-23,36.4,28,30.9,40.6,33.6,35.8,6.3,6.3,7,18.9
2022-08-24,31.3,28,29.8,34.7,32.3,33.4,0.9,0.9,5,23.7
2022-08-25,30.1,26.6,28.2,34.9,31.1,32.7,2,2,10,14.7
2022-08-26,31.3,25.4,28.2,36.4,31.6,33.5,0.5,0.5,5,14.1
2022-08-27,32.5,24.9,28.7,36.8,29.2,33.1,0.3,0.3,3,12.9
2022-08-28,33.6,25.3,29.5,38.6,29.3,33.9,0,0,0,15.3
2022-08-29,34.6,26.6,30.5,39.6,31.2,35,0.1,0.1,1,12.8
2022-08-30,35.4,26.5,30.8,40,31.4,35.3,0,0,0,11.2
2022-08-31,35.7,27,31.2,40.6,31.6,35.9,0,0,0,14.3
2022-09-01,36.1,26.1,30.9,40.3,29.5,34.7,0,0,0,14.4
2022-09-02,36.3,26.3,31.1,40.9,30.2,35.4,0,0,0,15
2022-09-03,36.5,26.9,31.4,41.2,30.2,35.4,0,0,0,15.3
2022-09-04,36,26.9,31.2,40.2,30.6,35.2,0,0,0,17.4
2022-09-05,36.1,26.9,31.5,40.8,31.9,36.2,0.1,0.1,1,13.2
2022-09-06,35.8,26.3,31.4,40.4,32.1,36,0,0,0,10.2
2022-09-07,36.8,27.1,32,40.9,32.7,36.4,0.1,0.1,1,10.5
2022-09-08,37.5,26.9,32.7,41.5,32.2,36.7,0,0,0,10.8
2022-09-09,38.1,26.8,33,42.2,31.6,37,0,0,0,9.3
2022-09-10,38.8,28.4,33.7,43.3,33.1,37.7,0,0,0,9.7
2022-09-11,38.3,29.3,33.4,42.1,33.1,36.8,0.2,0.2,1,20
2022-09-12,37.1,28.4,32.5,41,32.7,36.5,0.1,0.1,1,11.1
2022-09-13,37.4,27.7,32.5,42.6,32.4,36.9,0,0,0,8.8
2022-09-14,37.1,28,32.8,43.2,33,37.7,0,0,0,6.5
2022-09-15,38.1,27.2,32.8,41.5,31.8,36.4,0,0,0,11.5
2022-09-16,37.2,27.5,32.2,40.2,29.7,34.7,0,0,0,16.6
2022-09-17,36.5,26.8,31.3,40.6,29.2,34.8,0,0,0,13.4
2022-09-18,37.1,27.3,31.9,40.7,30.5,35.2,0,0,0,11.9
2022-09-19,37.3,26.8,31.8,41,29.4,34.7,0,0,0,11.4
2022-09-20,37.2,25,31.4,41,28.7,35,0,0,0,7.4
2022-09-21,38.1,27.5,32.6,41.4,30.9,35.7,0,0,0,8.3
2022-09-22,37.9,26.4,32.1,41.8,28.9,35,0,0,0,10
2022-09-23,37.5,26.3,31.9,41,29.4,34.5,0,0,0,14.6
2022-09-24,36.3,25.8,30.8,40.7,29.4,34.2,0,0,0,14.6
2022-09-25,36,26.3,30.9,38.4,29.2,33.6,0,0,0,15.3
2022-09-26,35.4,25.5,30.6,40.2,28.7,33.9,0.1,0.1,1,6.1
2022-09-27,36.2,25.5,30.9,38.9,29.7,33.5,0,0,0,9.4
2022-09-28,36.8,25.3,30.9,38.8,26.8,32.3,0,0,0,9.7
2022-09-29,37.1,24.8,30.7,38.8,25.5,31.9,0,0,0,10.2
2022-09-30,37.4,24.6,30.6,39.1,25.8,32,0,0,0,11.2
2022-10-01,37.3,25.6,31.2,38.7,27.2,32.4,0,0,0,14.7
2022-10-02,36.4,26,30.8,37.7,26.1,31.6,0,0,0,15.1
2022-10-03,36.7,24.8,30.6,37.6,27.4,31.9,0,0,0,12.8
2022-10-04,36.7,24.9,30.5,40,26.9,32.5,0,0,0,9.8
2022-10-05,36.9,23.2,30.4,39.2,25,32,0,0,0,9.1
2022-10-06,36.7,23.2,29.7,36.9,22.9,29.7,0,0,0,12.9
2022-10-07,35.1,22,28.6,36.8,22.6,29.6,0,0,0,8.6
2022-10-08,34.7,23.8,29,35.8,25.8,30.3,0,0,0,14.2
2022-10-09,34.3,22.7,28.5,36.1,25,30,0,0,0,10.2
2022-10-10,33.1,23.3,28.3,35.8,26,30.4,0,0,0,8.9
2022-10-11,34.3,22.8,28.2,35.2,24.4,29.1,0,0,0,10.7
2022-10-12,33.7,22.7,27.7,35,23.6,28.5,0,0,0,12.6
2022-10-13,34,20.4,27.4,34.9,21.3,27.9,0,0,0,8.3
2022-10-14,33.9,21,26.9,34.6,22.1,27.3,0,0,0,9.7
2022-10-15,34.3,19.4,26.7,34.2,20.2,26.7,0,0,0,10.3
2022-10-16,34.6,18.4,26.4,34.5,17.5,25.9,0,0,0,10.7
2022-10-17,34.8,18.1,26.6,33.9,17.5,26,0,0,0,10.8
2022-10-18,34.1,19.3,26.2,34,19.2,25.9,0,0,0,9
2022-10-19,33.8,19,26.5,34.6,19.3,26.7,0,0,0,9
2022-10-20,31.6,18.4,25.3,30.8,18.2,24.7,0,0,0,18.4
2022-10-21,31.3,19.8,25.1,30.4,18.4,23.9,0,0,0,15.8
2022-10-22,31.9,18.2,25.3,32.4,17.6,25.2,0,0,0,8.4
2022-10-23,32.3,19,25.3,33.2,19.3,25.9,0,0,0,8.3
2022-10-24,32.2,19.2,25.4,32.8,19.9,25.9,0,0,0,9.5
2022-10-25,32.7,19.2,26,33.4,19.9,26.6,0,0,0,9
2022-10-26,33.3,18.7,26.3,34.8,19.6,27.2,0,0,0,9.5
2022-10-27,33,19.3,25.7,33.3,19.7,26.1,0,0,0,8.7
2022-10-28,33.2,18.2,25.8,33.7,18.6,26.1,0,0,0,8.9
2022-10-29,32.9,18.3,25.4,32.8,18.7,25.3,0,0,0,9.4
2022-10-30,32.8,17.8,25.1,33.3,18,25.2,0,0,0,9.7
2022-10-31,32.3,17.6,25.2,32.7,17.5,25.4,0,0,0,9.4
2022-11-01,32.3,20,25.6,31.7,19.9,25.5,0,0,0,16.2
2022-11-02,31.8,19,25.9,33.3,19.7,26.8,0,0,0,8
2022-11-03,32.2,19,25.6,34.6,20.8,27.3,0,0,0,7.2
2022-11-04,32.8,19.2,25.9,34.6,20.6,27.5,0,0,0,8
2022-11-05,32.2,19.6,25.3,33.9,21.7,27.1,0.9,0.9,1,17.6
2022-11-06,26.8,19.2,22.7,26.2,18.8,22.4,0,0,0,19.5
2022-11-07,27.6,18,22.4,26.6,17.4,21.6,0,0,0,15.7
2022-11-08,27.8,17.4,22.3,27.7,16.2,21.6,0,0,0,12.8
2022-11-09,29.1,16.6,22.7,29.2,16.8,22.8,0,0,0,6.9
2022-11-10,27.6,17.2,21.9,27.8,16.9,21.9,0,0,0,13.1
2022-11-11,27.7,16,22,28,16.4,22.2,0,0,0,9.2
2022-11-12,28.8,16.8,22.3,29.3,17,22.7,0,0,0,7.4
2022-11-13,28.4,16.3,22.2,28.3,17,22.5,0.6,0.6,1,18.4
2022-11-14,24.3,15.7,19.4,22.7,14.2,18.1,3.2,3.2,8,22
2022-11-15,24.3,13.9,18.5,22.5,11.7,16.7,0,0,0,18.6
2022-11-16,26.2,12.3,19.3,25.7,12,18.6,0,0,0,8.4
2022-11-17,26.5,12.1,19.3,25.3,11.3,18.1,0,0,0,7.9
2022-11-18,27,12.6,19.8,26.1,11.5,18.8,0,0,0,8.4
2022-11-19,26.7,13.7,20.3,26.1,13,19.6,0,0,0,9.4
2022-11-20,26.6,14.5,19.9,24.3,13.6,18.2,0,0,0,9.4
2022-11-21,27.1,12.2,19.5,25.9,10.8,18.4,0,0,0,7.9
2022-11-22,27.8,12.1,20.2,26.5,11.3,19.1,0,0,0,8.2
2022-11-23,27.9,11.6,19.8,26.7,10.5,18.7,0,0,0,9.9
2022-11-24,28.6,11.6,20.2,26.4,10.5,18.5,0,0,0,10.7
2022-11-25,27.6,13.5,19.6,26.2,11.4,17.8,0,0,0,10.5
2022-11-26,27.1,10.9,19.1,25.4,9.7,17.8,0,0,0,7
2022-11-27,26.8,14.1,19.8,26.1,13,18.9,0,0,0,5.8
2022-11-28,26.5,11.6,18.6,25.5,10.1,17.4,0,0,0,8.4
2022-11-29,26.1,11.7,18.4,25.1,10.5,17.5,0,0,0,8.1
2022-11-30,26.1,10.9,18.8,25.2,9.7,17.9,0,0,0,7.5
2022-12-01,25.9,12.3,19.1,24.8,11.4,18.3,0,0,0,9.5
2022-12-02,25,11.7,18.5,23.2,10.6,17.3,0,0,0,9.2
2022-12-03,24.8,10.9,17.8,24,9.8,16.9,0,0,0,8.3
2022-12-04,24.5,11.7,17.9,23.3,10.8,17.1,0,0,0,7.7
2022-12-05,24.8,10.9,17.9,24.5,9.9,17.3,0,0,0,6
2022-12-06,24.7,12.4,18.3,23.8,12.2,18,0,0,0,7.2
2022-12-07,25.1,11.4,18,24.3,10.4,17.4,0,0,0,7.8
2022-12-08,25.3,11.3,18.1,24.9,10.2,17.3,0,0,0,9.4
2022-12-09,24.8,12.3,18.1,23.9,11.6,17.4,0,0,0,8.4
2022-12-10,24.6,13,18.4,23.1,11.4,16.9,0,0,0,10.1
2022-12-11,25,13.1,18.1,21.8,11,15.7,0,0,0,14.8
2022-12-12,25,10.5,17.5,23.2,8.8,15.7,0,0,0,8.6
2022-12-13,24.2,11.4,17,20.4,9.4,14.4,0,0,0,16.9
2022-12-14,24.3,8.5,16.4,21.6,5.8,14,0,0,0,10.7
2022-12-15,24.5,7.9,16.7,22.2,6,14.9,0,0,0,9.8
2022-12-16,24.7,8.3,16.2,22.9,6.5,14.3,0,0,0,10.1
2022-12-17,24.4,11,17.1,24,9.9,16.3,0,0,0,9
2022-12-18,24.3,10.3,17.4,23.5,8.9,16.7,0,0,0,8.3
2022-12-19,23.3,10.9,16.3,22.8,9.6,15.5,0,0,0,8.3
2022-12-20,22.9,10.2,16,22.1,9.2,15.2,0,0,0,8.7
2022-12-21,22.8,9.4,16,22.2,8.4,15.3,0,0,0,6.2
2022-12-22,21.8,7.6,15.3,21,6,14.2,0,0,0,8.4
2022-12-23,20.7,7.8,13.8,19.4,5.9,12.3,0,0,0,10.1
2022-12-24,18.9,7.9,12.9,17.6,6.6,11.7,0,0,0,8.3
2022-12-25,18.4,6.8,12.2,17.7,5.4,11.2,0,0,0,7.9
2022-12-26,19.1,5.8,11.9,18.5,4,10.9,0,0,0,7.3
2022-12-27,19.8,7.5,13.7,18.6,6.6,12.7,0,0,0,6.9
2022-12-28,22.1,7.8,14.3,20,5.9,12.5,0,0,0,11.6
2022-12-29,16.3,12.3,14,15.7,10.9,13.5,12.3,12.3,12,12.4
2022-12-30,18.5,8.4,12.7,15.7,6.1,10.7,0,0,0,15.2
2022-12-31,20,6.5,12.6,18.6,4.3,11,0,0,0,7.7
2023-01-01,20.4,6.8,13.2,19.2,4.7,11.7,0,0,0,8.9
2023-01-02,19.8,6.3,12.8,18.9,4.3,11.3,0,0,0,9.3
2023-01-03,19.5,6,12.4,17.8,3.8,10.7,0,0,0,8.6
2023-01-04,20.4,5.1,12.9,19.2,2.7,11.3,0,0,0,9.3
2023-01-05,19.9,6.6,13.3,18.2,4.3,11.4,0,0,0,9.7
2023-01-06,18.8,5,11.9,17.4,2.7,10.1,0,0,0,8.4
2023-01-07,18.5,5.7,11.7,17.3,4.2,10.5,0,0,0,9
2023-01-08,19.5,5.8,12.2,18.6,3.9,11,0,0,0,9.2
2023-01-09,20.9,8,13.8,19.5,6,12.4,0,0,0,8.4
2023-01-10,21.9,8.7,15,21.4,8,14.3,0,0,0,8.1
2023-01-11,21.3,10.6,14.6,20.3,9.3,13.2,0,0,0,14.8
2023-01-12,18.4,9.5,13.4,16.8,8.3,11.9,0,0,0,12.3
2023-01-13,15.8,5.8,10.4,11.7,2.5,7.2,0,0,0,14.2
2023-01-14,16.6,2.5,9.3,13.4,-1,6,0,0,0,9.7
2023-01-15,17.5,2.6,10.4,14.8,-0.6,7.6,0,0,0,7.2
2023-01-16,17.6,1.9,9.5,14.8,-1.3,6.6,0,0,0,8.3
2023-01-17,18.4,3.8,10.6,16.2,0.5,7.9,0,0,0,9.4
2023-01-18,17,5.5,11.2,14.8,2.6,8.9,0.7,0.7,3,8
2023-01-19,17.6,6.8,11.9,15.8,4.6,10,0.8,0.8,3,7.4
2023-01-20,16.2,8.1,11.8,14.7,6.8,10.4,0.7,0.7,6,7.2
2023-01-21,17.9,6,11.6,15.7,4.1,9.7,0,0,0,9.3
2023-01-22,18.1,6.5,11.8,15.8,3.9,9.3,0,0,0,11.6
2023-01-23,17.9,7.2,12,13.4,3.5,8.2,0,0,0,19.8
2023-01-24,18.5,7.5,12.7,14.7,3.6,9,0,0,0,15.1
2023-01-25,18.3,3.3,11.3,15.6,0.3,8.2,0,0,0,11
2023-01-26,18.7,4.1,11,14.9,0.6,7.3,0,0,0,12.8
2023-01-27,20.3,3.4,11.7,16.7,-0.5,8.1,0,0,0,11
2023-01-28,21.5,7.5,13.5,18.5,3.7,10.2,0,0,0,11.3
2023-01-29,21,4.8,12.5,19.1,1.9,10.2,0.1,0.1,1,8.8
2023-01-30,19.5,8.1,13,17.6,6,11.3,0,0,0,14.7
2023-01-31,20.5,7.2,13.2,18.5,5.1,11.3,0,0,0,14
2023-02-01,22.8,7.3,14.8,21.7,4.9,13.2,0,0,0,9.5
2023-02-02,23.4,8.7,16.1,22.5,7.4,14.9,0,0,0,10
2023-02-03,24.5,10.3,16.8,23.2,8.4,15.4,0,0,0,9.7
2023-02-04,25,9.4,17,23.9,7.4,15.6,0,0,0,9.9
2023-02-05,25.9,10.7,18,24.6,9.4,16.8,0,0,0,10.2
2023-02-06,25.1,12.1,17.6,23.1,9.7,15.4,0,0,0,15.7
2023-02-07,24,9.6,16.8,23.1,8,15.2,0,0,0,9
2023-02-08,25.7,11.3,18.1,23.9,9.4,16.5,0,0,0,11.5
2023-02-09,24.3,12.2,17.8,23.1,10,15.8,0,0,0,14.6
2023-02-10,25.6,11,17.8,23.9,9,15.8,0,0,0,14
2023-02-11,24.3,10.8,16.9,20.7,7.6,13.9,0,0,0,12.7
2023-02-12,21.5,9.2,14.9,16.8,5.5,10.7,0,0,0,17.9
2023-02-13,24.5,7.5,15.6,20.8,4,12.2,0,0,0,13.4
2023-02-14,26,9.5,17.6,25,7.1,15.9,0,0,0,10.3
2023-02-15,28,11.3,19.2,27.9,10.3,18.4,0,0,0,9.6
2023-02-16,29.2,12.1,20.6,30,11.5,20.4,0,0,0,8.9
2023-02-17,29.3,12.9,21,29.8,12.2,20.9,0,0,0,10.5
2023-02-18,29.7,13.4,21.1,30.2,13,21.2,0,0,0,10.2
2023-02-19,30.1,14.1,22,30.6,13.9,22.1,0,0,0,9.4
2023-02-20,30.7,14.7,22.3,31.5,14.8,22.5,0,0,0,10.2
2023-02-21,28.8,16,21.9,28.5,15.1,21.3,0,0,0,12.8
2023-02-22,28.6,14.9,21.5,28.9,14.6,21.3,0,0,0,9.4
2023-02-23,28.5,13.7,21.3,29.1,12.7,20.6,0,0,0,10.2
2023-02-24,29.5,14.4,21.9,29.8,13.4,21.3,0,0,0,10
2023-02-25,30.4,15.6,22.6,30.2,14.9,22.2,0,0,0,11.7
2023-02-26,29.8,16.1,22.6,30.8,15.5,22.6,0,0,0,11
2023-02-27,29.3,15.3,22.5,30.4,15.4,22.9,0,0,0,9.6
2023-02-28,27,16.3,21.1,26,15.1,20.3,0.4,0.4,3,20.6
2023-03-01,24.7,15.2,19.7,24.3,14.4,19.2,0,0,0,18.1
2023-03-02,25.6,15.6,19.9,25.7,14.6,19.4,0.5,0.5,3,15.5
2023-03-03,26.6,15.4,20.8,26.3,14.6,20.2,0.2,0.2,2,13.3
2023-03-04,28.1,15.2,21.8,29.7,14.8,22,0,0,0,8.4
2023-03-05,29.5,16.1,22.7,30.2,16.1,22.5,0,0,0,9.6
2023-03-06,30.2,17.4,23.4,30.5,17.9,23.5,0.5,0.5,3,10.5
2023-03-07,29.5,15.1,22.3,31,14.4,22.3,1.4,1.4,5,9.4
2023-03-08,30.8,15.2,23.1,31.5,15,22.7,0,0,0,8.9
2023-03-09,31.3,15.6,23.7,30.9,14.5,22.5,0,0,0,9.9
2023-03-10,32.2,16.9,24.4,31.1,15.1,22.9,0,0,0,15.6
2023-03-11,33.1,18.3,25.4,32.9,16.5,24.4,0,0,0,11.8
2023-03-12,32.8,17.8,25.2,32.7,16.9,25.1,0,0,0,7.9
2023-03-13,31.4,19.2,25.1,33.8,18.5,25.3,0.2,0.2,2,24.8
2023-03-14,33.1,18.2,25.7,33.5,18.9,26.1,0,0,0,9.2
2023-03-15,34,19.5,26.1,33.4,18.5,24.9,0,0,0,15.9
2023-03-16,32.6,18.8,24.8,32.6,16.7,23.6,1.3,1.3,1,16.2
2023-03-17,25.2,18.9,21.7,25.9,18.2,21.4,0.9,0.9,8,18.1
2023-03-18,26.7,15.3,21.1,26.6,15.8,21.2,0,0,0,10.7
2023-03-19,25,17,21.1,26.2,17.5,21.9,0.4,0.4,4,9.4
2023-03-20,28.2,15.3,22,30.1,15.8,22.9,0,0,0,8.5
2023-03-21,29.1,16.8,21.2,30.4,16.8,21.6,4.1,4.1,4,14.7
2023-03-22,27,16.7,21.9,29,17.3,23.1,0.1,0.1,1,10.6
2023-03-23,28.3,17.3,22.1,30.1,17.7,22.9,4.4,4.4,9,13.3
2023-03-24,24.5,17.3,20.1,26.9,17.7,20.9,15.3,15.3,10,14.1
2023-03-25,23.9,15,19.3,24.8,15.3,19.6,0.1,0.1,1,13.5
2023-03-26,25.2,14.1,19.6,25.6,13.9,19.4,0,0,0,13.3
2023-03-27,28.1,15.9,21.9,30,16.2,22.5,0,0,0,7.3
2023-03-28,30.3,17.1,24,31.9,17.2,24.5,0.2,0.2,1,10.6
2023-03-29,28.6,18.1,22.8,29.4,17.1,22,1.6,1.6,3,25.9
2023-03-30,24.4,16.2,19.9,23.9,14.9,18.9,4.2,4.2,7,20.2
2023-03-31,24.9,15.9,20.3,26.2,16.1,20.6,0.2,0.2,2,13.4
2023-04-01,26.9,15.7,21.4,28.8,16.4,22.3,0,0,0,11.3
2023-04-02,28.4,17.2,22.9,30.6,18.2,23.8,1.1,1.1,2,18.4
2023-04-03,27.5,17.7,22.5,29.1,17.5,23.3,0,0,0,18.4
2023-04-04,28.8,16.7,22.5,30.7,16.8,23.3,0,0,0,18.1
2023-04-05,28.4,17,23,31.6,17.7,24.2,0.6,0.6,5,8.5
2023-04-06,28.6,16.3,22.6,29.9,16.5,23.1,0,0,0,13.4
2023-04-07,31.5,17.6,24.5,32.2,17.1,24.2,0,0,0,11.9
2023-04-08,33.5,17,25.6,34.6,16.8,25.2,0,0,0,9.2
2023-04-09,35.5,17.9,27.3,35.8,17.1,26.2,0,0,0,11.1
2023-04-10,36.4,17.8,27.8,35.6,17.5,26.7,0,0,0,10.8
2023-04-11,37.7,18.1,28.6,37.9,16.8,27.4,0,0,0,11.7
2023-04-12,37.2,19.1,28.8,37.8,18.8,28.2,0,0,0,8
2023-04-13,39.1,20.2,30.6,38.4,19.6,29.3,0,0,0,9.5
2023-04-14,40.3,23.2,31.9,39.3,20.8,30.1,0,0,0,11.4
2023-04-15,40.5,20.8,31.3,39.5,21,30.2,0,0,0,12.3
2023-04-16,38.5,22.8,31,37.5,21,29.3,0.2,0.2,1,21.4
2023-04-17,36.5,23.7,30.2,35.1,21.4,28.7,0,0,0,19.1
2023-04-18,35.2,24,29.7,37.2,23.2,29.8,0,0,0,16.5
2023-04-19,32.5,22.9,28,35.6,23,29,0,0,0,13.7
2023-04-20,32.5,20.9,26.4,35,21.5,26.9,1.3,1.3,1,14.5
2023-04-21,33.4,19,26.3,33.8,18.6,25.4,0,0,0,15.9
2023-04-22,33.7,19.7,26.4,34.7,17.9,25,0.2,0.2,2,18.4
2023-04-23,34.6,18.7,27.1,32.9,17.6,25.2,0,0,0,14.9
2023-04-24,36.3,20.5,28.7,35.7,18.9,27.2,0,0,0,11.2
2023-04-25,37.6,20.4,30,36.9,18.4,28,0,0,0,14
2023-04-26,37.9,21.6,30.3,37,19.9,28.4,0,0,0,15.5
2023-04-27,36.4,22.8,29.6,35.4,21,27.6,0.2,0.2,2,18.9
2023-04-28,35,22.2,28.8,34.2,22.3,28.2,0.2,0.2,1,18.4
2023-04-29,31.4,21.6,26,31.7,21.4,26.1,0.4,0.4,2,12
2023-04-30,32,20.7,26.3,33.7,22.3,27.5,1.2,1.2,1,9.9
2023-05-01,33,21.3,27,34.8,22.4,27.9,0,0,0,14.1
2023-05-02,30.3,22.5,26.5,32.7,23.5,27.9,0.4,0.4,2,11.8
2023-05-03,31.5,20.6,26.2,33.6,21.9,27.6,1.2,1.2,5,13.8
2023-05-04,34.1,21.1,27.7,36.9,21.9,28.8,0.6,0.6,1,13.1
2023-05-05,33.8,21,27.8,36.8,20.7,28.9,0,0,0,27.3
2023-05-06,38.3,23.1,30.4,38.3,24.8,30.8,0.3,0.3,1,18.8
2023-05-07,35.3,22.3,29.3,35.6,21.4,28.4,0,0,0,19.6
2023-05-08,34.6,21.8,28.1,34.6,20.2,26.9,0,0,0,20.2
2023-05-09,36.5,21.2,29.1,36.7,19.6,28.1,0,0,0,12.5
2023-05-10,38.3,21.3,30.4,38.6,19.7,29.7,0,0,0,10.3
2023-05-11,40.9,23.9,32.6,40.5,23.3,32,0,0,0,12.1
2023-05-12,42.1,22.9,33.4,43.1,22.9,33.3,0,0,0,12.9
2023-05-13,42.2,25,34.2,43.7,23.8,33.7,0,0,0,13.6
2023-05-14,40,26.8,33.3,40.4,24.3,31.7,0,0,0,20.8
2023-05-15,41.6,24.9,33.5,42.9,23.4,33,0.2,0.2,2,10.3
2023-05-16,40.3,26.9,33.7,42.5,26.8,34.1,0.5,0.5,5,13.3
2023-05-17,40.7,26,33,43.2,27.1,34.1,2.7,2.7,5,16.2
2023-05-18,36.1,24.8,30.7,39.1,28.2,33.2,0,0,0,15
2023-05-19,39.8,24.2,32.4,41.3,26.6,33.9,0,0,0,12
2023-05-20,42.3,27.3,34.4,44.8,26.9,35.2,0,0,0,12.3
2023-05-21,43.1,26.6,35,46.4,27.3,36.6,0,0,0,11.2
2023-05-22,42.6,28,35.3,44.7,29.2,37.1,0,0,0,18.1
2023-05-23,39.8,29.5,33.9,43,31.4,36,3.1,3.1,1,25.7
2023-05-24,38.7,26.8,32.6,43.1,27.4,34.2,1,1,2,18.9
2023-05-25,37.1,27.3,32.4,41.3,28.9,34.4,0.2,0.2,2,15.1
2023-05-26,37,26.4,31.5,40.9,28.2,33.4,0,0,0,23.2
2023-05-27,37.3,25.9,31.5,40.4,26.8,32.9,0,0,0,19
2023-05-28,36.7,26.5,31,40.1,28.5,32.9,0,0,0,16.3
2023-05-29,33.6,24.5,28.5,37.7,26.5,31.2,7.4,7.4,7,19.9
2023-05-30,30.4,23.2,26.6,32.2,24.5,28.5,11.3,11.3,6,18
2023-05-31,33.3,23.4,28,36.1,25.5,30,0.2,0.2,2,19.4
2023-06-01,29.9,20.9,25,32.6,23.7,27.5,9.9,9.9,11,16.4
2023-06-02,32.3,21.2,26.8,34.9,22.8,28.6,0,0,0,12.9
2023-06-03,35.4,23.4,29.7,39.8,25.3,32.3,0,0,0,8.3
2023-06-04,36.2,25.1,31,39.8,27.6,33.6,0,0,0,8.8
2023-06-05,38.1,25.7,31.8,40.6,28.3,34,2,2,2,12.4
2023-06-06,38.5,25.7,32.3,42.2,27,34.5,1.2,1.2,2,10.4
2023-06-07,39,26.5,33.1,42.1,30.2,35.8,0,0,0,12.4
2023-06-08,40.8,27.3,34.4,43.8,29.3,36.8,0,0,0,10.4
2023-06-09,41.8,30.2,35.8,44.9,32,38.1,0.3,0.3,1,16.3
2023-06-10,42.3,29.4,35.6,45.4,31.2,37.7,2.4,2.4,3,20.9
2023-06-11,39.7,29.5,35,44.5,32,38.2,0,0,0,14.1
2023-06-12,42.1,29.5,36,44.6,32.1,38.3,0,0,0,18.9
2023-06-13,41.7,31,36.4,42.9,30.5,36.6,0,0,0,27.5
2023-06-14,40.4,31.8,35.8,42.4,32.2,37,0,0,0,28.4
2023-06-15,39,31.2,34.8,41.4,31.9,36.3,0,0,0,28.4
2023-06-16,38.7,29.1,33.9,43.4,32.5,37.8,0.1,0.1,1,10.3
2023-06-17,31.9,30,NaN,35.8,33.4,NaN,NaN,NaN,0,12.3
2023-06-18,NaN,NaN,NaN,NaN,NaN,NaN,NaN,NaN,0,NaN